booking_date,bookings,rental_revenue,guests,booked_nights,avg_adr
2023-01-01,2715,1651245.5138,11172,13329,128.24456058771732191806541248985
2023-01-02,3813,2255778.9918,14688,20219,116.76003404260582415591525312442
2023-01-03,3703,2239445.2026,14617,19610,121.75923836036746516114068938817
2023-01-04,3799,2274790.1369,14808,20338,120.67579848026592501422281531693
2023-01-05,3968,2603112.8459,14717,26633,112.47744522994195389309285526907
2023-01-06,3384,2138040.8661,13393,18770,123.41855669907933842014819799288
2023-01-07,3064,1974269.4936,12348,15854,128.89240162197242220097592078479
2023-01-08,4787,3094289.4640,19173,24749,129.27726999783601709726053824895
2023-01-09,5802,5410209.2271,23659,70584,103.27404636654969127481788088726
2023-01-10,4317,4090366.3641,18129,42026,115.57826500219756950297952794964
2023-01-11,4046,2622166.5597,16140,22254,127.25769585151707754813532453737
2023-01-12,4004,3214071.5565,15929,28065,123.99399153779056227211188794329
2023-01-13,3472,2275678.9139,13627,19565,124.51800301335704477204807044233
2023-01-14,3922,2533145.8744,15345,20770,124.96546947375919646335891828836
2023-01-15,5318,3602285.7599,21650,27929,131.64765666088301176859727689194
2023-01-16,3876,2657070.3195,15618,23120,129.05578034309628291068639351655
2023-01-17,3063,2069018.3998,12360,16651,134.35003163052776190546071972075
2023-01-18,3239,2094520.2303,13061,16997,132.73060829150362940230394702371
2023-01-19,2821,2010587.7143,11216,16942,128.02577388136990579577445805878
2023-01-20,2771,1683900.8335,10880,14512,125.40115091844811830521850570446
2023-01-21,2831,1969540.1702,11440,14767,140.06535112756147286649929932607
2023-01-22,4168,3016003.8831,17200,21881,143.96901558677426155447751383404
2023-01-23,3765,2365571.6704,14872,20499,127.88677633132752296170523401659
2023-01-24,3032,1971224.8172,11838,17106,128.43236962457291914338996852400
2023-01-25,3230,2057133.5487,12776,17073,127.55086040185099123626051444398
2023-01-26,2971,1951835.1114,11421,16788,125.49712699464490773327279789835
2023-01-27,2945,1771287.5384,11464,15489,122.38015434388778521575027218600
2023-01-28,3014,1967721.0222,11861,15816,129.77257754302271820194260037127
2023-01-29,4726,3255166.6153,18833,24690,136.70192427836685516806745626119
2023-01-30,3659,2201609.7292,13989,19503,121.72242369981236105810021220418
2023-01-31,3129,1925520.7027,12181,16909,124.69578895630321182751023957472
2023-02-01,3169,1911802.8849,12304,15828,127.25403475812511540269067962419
2023-02-02,3126,1866654.1305,11972,16192,120.14960716628593293801879485592
2023-02-03,2759,1589910.7937,10369,14443,116.60130964723994280907955468655
2023-02-04,2791,1783519.6717,10899,14203,129.86369024868555264947083013405
2023-02-05,4234,2829563.6074,16576,21747,131.97837901377153338170690202990
2023-02-06,3437,2066791.8598,13264,18143,121.26476855774028468489672436345
2023-02-07,2913,1749403.7225,11331,19233,125.19958781337308329439436981013
2023-02-08,3088,1846503.3762,11587,24806,117.59394106554092315669083904706
2023-02-09,2831,1624124.2655,10658,14323,118.70943711347910264318933049538
2023-02-10,2741,1519172.4306,10237,13912,114.88007454670146100683635090554
2023-02-11,2920,1838534.8178,11359,15045,125.04095637149714789466342261339
2023-02-12,4324,2828850.3836,16870,22258,129.93150940305125235987856191277
2023-02-13,3628,2132865.7862,13358,26351,118.54890696078794660099788882406
2023-02-14,2864,1689501.1216,10885,15165,117.19539076336820357791198964222
2023-02-15,2929,1725672.3952,11409,14230,125.35929981201141482137888936699
2023-02-16,2607,1527272.6820,9697,13374,120.29961085505065132629962187881
2023-02-17,2864,1455460.7916,10635,13504,110.13915202511543860691377370554
2023-02-18,2767,1577404.8915,10107,13454,116.27489499000778987991264206127
2023-02-19,4124,2450659.1356,15688,20359,119.50256171950761022103844947371
2023-02-20,3547,1870864.8725,13402,16914,110.67162227880671546106367588307
2023-02-21,3001,1643076.9628,11721,14520,116.98759763118066729074319839993
2023-02-22,3158,1765481.5629,12089,15764,117.02763528712809240192607332689
2023-02-23,3014,1558951.2709,11238,14658,110.32333427235350508968993543494
2023-02-24,3184,1698117.5826,12114,15614,111.33698496221427955056128194901
2023-02-25,2845,1669243.4109,10808,13765,121.63632506582298762643954613064
2023-02-26,3837,2428926.9814,14652,19154,127.54545422685997625822389636959
2023-02-27,3110,1895154.6525,11989,16640,122.97742607650139950614372243551
2023-02-28,2613,1685815.5541,9930,13457,126.26156107055732227790323552851
2023-03-01,2599,1593485.0736,9709,13276,124.31667038957600087511146621774
2023-03-02,2480,1570923.5639,9395,13224,126.22595423283795557565031996373
2023-03-03,2407,1516673.6103,9127,12317,127.84738944184331402376515158559
2023-03-04,2269,1639970.1354,9043,11907,146.05278534064137733965465293652
2023-03-05,3536,2478428.9503,13711,18504,138.79677355749355649315633309306
2023-03-06,2838,1846022.8049,10780,14836,130.20982493274221231478491955138
2023-03-07,2324,1474399.8296,9237,11676,131.21298821455481637063997634743
2023-03-08,2486,1534788.7668,9493,12403,128.28539932772962885573357872173
2023-03-09,2187,1424596.5588,8346,11463,129.56909336561069773643084460096
2023-03-10,2199,1348286.3958,8459,11054,127.17129792618521937226217832789
2023-03-11,1991,1333110.2146,7780,10153,136.57307002583945745895664402045
2023-03-12,3475,2428780.6571,13665,17470,142.62623094615198796156370570386
2023-03-13,2735,1699472.4116,10392,13909,130.64227386273224397309455039541
2023-03-14,2205,1364128.6283,8406,10899,129.91366817502474618447743079694
2023-03-15,2193,1315905.5470,8301,10856,126.38521660001870211747302753315
2023-03-16,2286,1466969.5244,8517,12002,127.35046868569167513748185635462
2023-03-17,2229,1281890.9390,8435,11189,119.42776966421496773922613137496
2023-03-18,1964,1352874.7090,7461,10072,139.11593004413872249971035835320
2023-03-19,4102,2250215.3826,14728,20808,111.23792007921743133960008294695
2023-03-20,2992,1760704.5980,11076,15317,118.70195570444667008436322682217
2023-03-21,2425,1520846.5170,9245,12741,126.88871098121969111271108005434
2023-03-22,2593,1574407.9940,9804,13200,124.10970958545419651517854390381
2023-03-23,2443,1453473.7250,9349,12440,123.59765536540098506735440422039
2023-03-24,2317,1386893.6404,8613,11861,126.37248937590551999053171261163
2023-03-25,2281,1476183.7039,8711,11433,135.78705547820039019872881043129
2023-03-26,3373,2254364.8975,12938,17296,134.10951989584032732767990941392
2023-03-27,2844,1835741.9263,10751,14659,129.54256417344268070985056825140
2023-03-28,2299,1567888.4940,8904,11955,145.15410749453387706388852870401
2023-03-29,2399,1546782.6455,9298,11980,136.65888042542988197494123709690
2023-03-30,2305,1445788.3296,8881,11422,130.69816992277402062443128248100
2023-03-31,2295,1402174.8524,8945,11401,131.21995102008308458506070715162
2023-04-01,2337,1464242.1308,8759,12222,130.15422197775854258396260883896
2023-04-02,3061,1994761.1165,11753,15956,132.90354105116472566362921458584
2023-04-03,2353,1536671.0286,8955,12196,133.67823201422797682015743236011
2023-04-04,1947,1300811.8692,7391,10291,136.09546913194846832706874063634
2023-04-05,1975,1238141.1993,7307,9509,133.45283823373877678039549160526
2023-04-06,1925,1273655.2917,7192,10306,132.65592596515275768491358099346
2023-04-07,1798,1073067.6971,6558,8765,127.81920143122329265242806498317
2023-04-08,1562,1052154.3654,6122,7812,139.39416222737342485241644905592
2023-04-09,1964,1381848.4422,7735,9670,146.71590150631019232419935777455
2023-04-10,2765,2044106.3489,11135,13938,152.04530458477266435115272324549
2023-04-11,2452,1507223.9433,9052,12009,131.21538674433201423307810690324
2023-04-12,2687,1671369.9602,10109,13249,131.96902043074941455703682265483
2023-04-13,2399,1488772.6531,8903,13535,122.00311668484262351998929994598
2023-04-14,2244,1440881.5701,8344,11590,127.39315374343578915811142660103
2023-04-15,2073,1307126.3797,7760,10137,133.83479481516012809674239345521
2023-04-16,3309,2111260.2976,12559,16251,129.42930986993072980334126830949
2023-04-17,2436,1562044.8141,9222,12648,132.18784723604214510006414648538
2023-04-18,2102,1300705.1361,7879,10643,124.32422910121504350866866619241
2023-04-19,2234,1346790.9491,8340,11143,126.32387298087152814509306567986
2023-04-20,2156,1373902.7509,7989,18627,123.50379450318252639708590309496
2023-04-21,2020,1173600.0632,7417,11129,121.69843471407732009794345809409
2023-04-22,2009,1295313.7312,7729,10416,133.71085967212321991733756439580
2023-04-23,2566,1705422.1320,9813,12831,138.54590754541446167627890316855
2023-04-24,2655,1746167.2618,9767,19149,130.27518286643152151608335623957
2023-04-25,2196,1407465.2310,7918,17434,123.83851339690155927415511992588
2023-04-26,1926,1217268.9747,7005,14743,125.10655501708615394525211784810
2023-04-27,1590,1030574.3203,5836,11178,126.78358206114939789122396268888
2023-04-28,1816,1185783.1787,6611,11192,129.62984002285775975723864710050
2023-04-29,1644,1074479.0709,6083,11322,129.86111011571031239549779546801
2023-04-30,2201,1432055.5967,7944,14491,128.71116790342760213553135073177
2023-05-01,2243,1461876.2059,8156,15882,125.10289883617727989428648042319
2023-05-02,2214,1524928.9316,7961,24454,117.66267287089295672113315327611
2023-05-03,1969,1250121.4581,7001,10463,125.83828566273048557151491993224
2023-05-04,1783,1089821.2969,6287,9760,122.37399759243262567820350730801
2023-05-05,1909,1330545.8962,6879,12934,129.73831179033576167319115578400
2023-05-06,1553,1081562.3638,5679,9758,134.11030008202354129557654925068
2023-05-07,2548,1805439.8197,9439,14351,135.20659802846049127818991807959
2023-05-08,2325,1514223.2359,8556,13377,130.42164873414109281913213466911
2023-05-09,2173,1402472.2458,7904,12456,124.80920227962018429035034907608
2023-05-10,2150,1371165.1964,7680,11527,127.40185179357701829322763674977
2023-05-11,1902,1208414.1284,6714,12661,120.82641690211480792564378381264
2023-05-12,1772,1074043.7121,6187,9433,121.78840220509048535162718095260
2023-05-13,1383,896816.2091,4863,7433,125.49485741150952084039231311955
2023-05-14,2198,1545116.7213,8254,12234,136.23031409003404948819751592753
2023-05-15,2262,1439367.9266,8264,13060,127.89918100712132916323285501927
2023-05-16,2041,1285943.3366,7151,11311,124.02211373231961514225750202182
2023-05-17,1877,1220916.3176,6707,11663,129.06613425990398101609063472607
2023-05-18,2079,1419180.0533,7475,10834,134.03777472829851651679321995270
2023-05-19,1776,1162476.1761,6432,9871,127.73728752978222758784892738891
2023-05-20,1545,1052684.8049,5465,8188,131.50763621566381249781309549993
2023-05-21,2547,1743889.8729,8937,13601,130.72121362466506801341620814751
2023-05-22,2469,1644324.4926,8748,13448,136.35772683197585032994428130578
2023-05-23,2135,1413019.4800,7560,12220,128.12020533935760747464530805169
2023-05-24,2210,1456701.2589,8038,11939,129.08244452206339996975376810378
2023-05-25,2071,1324380.2851,7283,11021,125.22950494751217432102651687549
2023-05-26,1979,1223438.9606,6667,10069,123.43055600902526514860223072914
2023-05-27,1548,1089347.6222,5577,8595,133.89671229190497726064999738689
2023-05-28,2058,1473803.3870,7590,11180,138.97553785155902611168649745578
2023-05-29,2664,1953668.2592,9763,14769,138.82364080049561207380154538998
2023-05-30,2190,1444188.6054,7774,11920,128.94720417794915583396964923670
2023-05-31,2124,1464619.4150,7741,11723,134.18284725873219811075630563741
2023-06-01,1899,1218324.7471,6576,10471,122.30980812546320317450949087845
2023-06-02,1972,1245143.3098,6885,10773,122.91914591797752157074795057812
2023-06-03,1562,1051999.1806,5464,8879,128.55397539631806286634443606521
2023-06-04,2366,1701496.5452,8271,13048,134.60512252225889029504280914588
2023-06-05,2343,1559807.0666,8250,12338,130.96536362197026280386012476307
2023-06-06,2002,1335829.5122,6947,11162,127.25259142463290950979846981325
2023-06-07,2172,1442891.7109,7736,11695,131.13412452432735852018537366275
2023-06-08,1924,1278320.4282,6764,10479,129.83296640219125839540739919906
2023-06-09,1727,1085103.5318,6031,9279,121.82116491404732151675712218406
2023-06-10,1658,1148909.4052,5841,8871,129.33588016179584771255015995249
2023-06-11,3493,1854403.2775,11586,18415,104.28212847583639635649042054417
2023-06-12,2551,1515962.8772,8627,15111,113.09962951994663892156487325723
2023-06-13,2083,1276029.8829,7268,11264,117.32849259909463368710657731522
2023-06-14,2228,1366527.8646,7707,12134,118.61321829613987258442637398877
2023-06-15,2033,1256397.3412,7212,11171,117.57447191650451720165848983707
2023-06-16,1966,1263722.5274,6847,11077,119.11422092130669796207752239898
2023-06-17,1681,1193788.7249,5991,9260,134.41738017470990555479739169337
2023-06-18,2655,1758338.3904,9764,13940,129.58831549900578385196691311451
2023-06-19,2487,1664993.2336,8937,13618,132.13683269333025191333497957057
2023-06-20,2217,1425529.9464,8004,12771,127.13688505918244119840179191364
2023-06-21,2277,1524751.0402,8304,12426,127.21066759162857079768634570491
2023-06-22,2150,1387581.5312,7524,11597,124.54561287010519527138372078193
2023-06-23,2050,1344469.5052,7287,11032,125.85312707646018543466342736419
2023-06-24,2145,1355949.1447,7472,11279,121.78995751694676798239350020718
2023-06-25,2954,1979243.1260,10554,16027,128.03322697707379837884854256227
2023-06-26,2359,1685917.0820,8866,12540,140.46392390370254338088803050816
2023-06-27,2152,1591507.5812,8252,12799,141.38324106783771922033624038021
2023-06-28,2200,1605539.9306,8361,11762,144.43248524173135838140823185593
2023-06-29,2207,1508633.0842,8138,11684,135.25899081035539638512547802409
2023-06-30,2019,1335836.4980,7502,10405,135.02530333391269986270187791188
2023-07-01,2118,1637529.5262,8412,11111,154.31497594139645936330275301836
2023-07-02,3096,2302633.0870,12029,16544,147.30120879795661997858218153520
2023-07-03,2640,1864983.7354,10061,13904,141.93833980241089712670025149270
2023-07-04,2219,1561242.0776,8307,11731,144.48891407848367560497525595846
2023-07-05,2340,1691833.3554,9315,12280,148.36749636435968986180477836570
2023-07-06,1883,1350931.8286,7135,10299,142.63033270196621755595795776526
2023-07-07,1929,1368073.7140,7169,9993,138.30378794530422249921492101635
2023-07-08,2221,2015268.5776,9076,11688,180.57237773970704189738886385473
2023-07-09,2665,2053671.7524,10442,14328,151.70060470727645515437734575111
2023-07-10,2425,1788506.1763,9369,13526,146.96198200175173539600146921261
2023-07-11,2104,1563171.7724,8299,11499,149.96432736188554146014428635272
2023-07-12,2362,1709122.9842,9283,12259,146.98081008398068803784725849719
2023-07-13,2137,1513496.2456,8099,11482,142.71460331664102016139190803203
2023-07-14,1971,1424905.4162,7541,10516,143.63316270161334248948051353364
2023-07-15,1920,1387920.4104,7337,10007,143.20964247313354185081933772942
2023-07-16,2802,2076559.9075,10916,14946,149.65471972521093910397149651348
2023-07-17,2685,1949550.3544,10203,17857,142.89106714527408273612703078720
2023-07-18,2194,1598266.9902,8135,17741,138.99027251219149342956706278848
2023-07-19,2215,1573649.4894,8501,11476,145.36623260839736353126827283911
2023-07-20,2060,1430813.2026,7854,10381,144.43957400113022299349156560400
2023-07-21,2094,1407950.2198,7554,10221,138.46422482872779857953237649933
2023-07-22,1998,1417428.6944,7603,12679,143.03292783359341632979536852446
2023-07-23,2739,1927088.2928,10422,14196,146.37024513893215615458195157754
2023-07-24,2638,1829462.0409,10347,13934,144.06123631882126201769946220419
2023-07-25,2300,1603630.2093,8924,12009,146.58066249506401092049920739498
2023-07-26,2256,1555451.1882,8632,11608,144.11197695371586443593724996508
2023-07-27,2168,1486747.7267,8108,13444,138.13683396207247236490039616222
2023-07-28,1820,1215653.9051,6870,9222,140.59628504545360752705569085188
2023-07-29,1761,1177902.9395,6682,9010,142.08469414011956297670583384789
2023-07-30,2591,1719550.8804,9844,13515,139.34589201394466156144574166292
2023-07-31,2503,1662434.2568,9579,12941,141.86307536911778564271180244579
2023-08-01,2130,1421308.2439,8188,11529,139.14992975803760716762127840193
2023-08-02,2247,1495399.0874,8670,11462,140.53555913013513218253749004270
2023-08-03,2177,1477171.9849,8331,12183,139.87358733695965442389960018898
2023-08-04,2186,1388011.4413,7978,11444,134.28259029175847647764990575967
2023-08-05,1926,1268377.3526,7186,9745,139.80789966570767692675549095842
2023-08-06,2602,1620073.8475,9587,12877,135.29764748247172514835615556074
2023-08-07,2576,1612316.2790,9597,13434,130.81312572366713525186433122775
2023-08-08,2363,1419981.5759,8681,12205,129.20544910158175264728741802814
2023-08-09,2308,1370518.9783,8207,11570,127.36429027204035400336162245748
2023-08-10,1986,1225734.7784,7090,10200,127.45920489004194222372518415993
2023-08-11,1989,1153423.0551,7122,10483,123.97113501718029050695077356455
2023-08-12,2082,1187280.9914,7311,10368,122.36404838394666361989764200332
2023-08-13,2679,1559152.6088,9789,13886,127.14358038788966314313666923485
2023-08-14,2423,1345383.6147,8522,12033,120.42861834497430774407633950851
2023-08-15,2087,1181958.4899,7893,9890,129.16524836502270890325536368297
2023-08-16,2134,1198010.4650,7713,10167,123.77958588973366031252788932884
2023-08-17,1907,1067222.0437,6874,9353,122.19311544070666150486973580904
2023-08-18,1872,1008547.9220,6800,9453,118.27639944934774854662068051690
2023-08-19,1808,991778.1382,6535,8555,122.64606932691591048836385995632
2023-08-20,4055,1523692.4553,13723,19089,82.65289131974307858658203210530
2023-08-21,3097,1314554.3874,10728,15165,93.53579195576324485366107880336
2023-08-22,2620,1224419.4251,9302,12967,100.28232406850015491628110552109
2023-08-23,2838,1375935.8753,10220,14977,104.37196577408231269727978860943
2023-08-24,2616,1257901.3265,9721,13383,106.68036059191162353522554062603
2023-08-25,2690,1290516.3977,9698,13245,104.77174331848632735889673910936
2023-08-26,2448,1189319.9282,8976,12500,107.25178329273441030196385567832
2023-08-27,3602,1761805.6129,13542,16961,110.09683855030782917342150288548
2023-08-28,3129,1558176.6264,11499,15247,110.57762851911747501400002297658
2023-08-29,2792,1390194.6071,10547,13420,111.98629126476471056400235022849
2023-08-30,3009,1430910.3064,11209,14292,109.02119144711451739172224280880
2023-08-31,2915,1368705.6888,10190,14485,102.10910286090436643426434384332
2023-09-01,2921,1345799.7063,10288,13775,106.54194757580873524665726137908
2023-09-02,2851,1219968.6061,9997,13125,98.06866514351565420338904328307
2023-09-03,3793,1623801.9461,13785,17376,99.02545925383603227924025947475
2023-09-04,2749,1429853.8265,9809,14129,115.81927435562944713329914323059
2023-09-05,2434,1263282.3654,8958,11845,117.39124618179933009199773801053
2023-09-06,2388,1237974.3552,8762,11595,117.24259241918139224536530933838
2023-09-07,2211,1109956.2130,8069,10423,114.44610328634605998885043836413
2023-09-08,2038,1082586.6064,7568,9717,122.14323448529935538879985865317
2023-09-09,1728,920974.4066,6569,8272,120.83110360503026587959688599558
2023-09-10,2648,1398651.9698,10246,12165,121.62646580218071878420627472892
2023-09-11,2632,1377952.2545,9718,13072,117.44935957631208830531999181638
2023-09-12,2525,1297063.8010,9335,12180,114.50059952619693602255610328301
2023-09-13,2597,1320504.1660,10009,12063,118.63137073304879365641906685595
2023-09-14,2433,1260374.4815,8916,12753,111.60252176680117017896731684216
2023-09-15,2432,1209724.6087,9392,11753,107.25354179813850122341954818055
2023-09-16,2290,1045342.5452,8958,10198,105.80840528657954227131109793130
2023-09-17,3708,1762599.1776,15062,16429,111.58975119521321709663889734400
2023-09-18,3394,1518744.4088,13082,15575,102.11437308356821054532179640890
2023-09-19,2652,1284656.5549,10361,12117,111.79231025468315592861463116266
2023-09-20,2877,1276631.6615,10727,13048,104.58120920222845248720701541091
2023-09-21,2866,1357639.9188,10667,13397,106.90002809398999633050745697031
2023-09-22,2992,1376392.7050,11358,14202,106.69621755019307773086130259124
2023-09-23,2665,1259471.2408,10175,12267,108.39337259557209156024585810994
2023-09-24,3604,1761175.4820,14325,16316,114.97821616521446238488100255409
2023-09-25,3329,1601659.5292,13092,15264,111.39186218774801446139753305677
2023-09-26,2812,1386101.1169,11044,13483,112.21838926136433704218710049529
2023-09-27,2935,1498195.3773,11735,13563,118.42147853755403509016332651079
2023-09-28,2495,1194128.4706,9634,11383,111.94425644932303760714286837367
2023-09-29,2584,1236891.4043,9982,13262,111.68875106793182101276116041846
2023-09-30,2282,1135118.5332,9023,10295,116.04578538587899539860756255580
2023-10-01,3556,1810015.8471,14414,16114,120.02698387309443438199981488077
2023-10-02,3273,1577376.8012,12609,15108,112.32400472664513772456408684905
2023-10-03,2940,1446848.5796,11434,13589,113.94270492074011061352833504656
2023-10-04,3041,1469412.9920,11784,13974,112.72490545542284782594257342485
2023-10-05,2474,1221417.9141,9630,11576,116.01671085882992133576705260885
2023-10-06,2539,1268025.9576,9835,12640,112.84681948991127088248890963119
2023-10-07,2275,1153228.3310,9052,10215,120.19153298023099620071595287439
2023-10-08,3266,1818464.5243,13696,14657,132.04407853279185027471104972208
2023-10-09,2783,1431415.1206,10850,13340,118.07124029109245933218924174830
2023-10-10,2441,1301397.8542,9828,11322,123.33514398338574075491186297325
2023-10-11,2653,1333382.8148,10638,11850,119.18948958465158153804879035573
2023-10-12,2481,1186102.3944,9504,12570,111.09339778169747207569871372877
2023-10-13,2294,1189433.8418,9179,11074,117.66300538069702717502682810965
2023-10-14,2098,1086185.4571,8546,9307,121.01894287264905348424059881829
2023-10-15,3126,1744175.5931,13043,14183,129.98183813231503544033050217579
2023-10-16,2587,1323403.9546,10629,12226,120.91862009905769129255755284390
2023-10-17,2163,1145739.5542,8802,10895,120.82407030496242412608906917006
2023-10-18,2224,1160248.7149,8854,10317,122.89144896350573103331193969941
2023-10-19,2135,1189606.8188,8648,10298,124.87990625369864148591436403672
2023-10-20,2105,1110366.3610,8540,10150,123.05243694188665948844388022129
2023-10-21,1992,1080986.4230,8137,9114,125.83043103697469169453015995124
2023-10-22,2719,1577240.2944,11516,12436,133.49721330302046067968389629753
2023-10-23,2415,1350075.9108,9656,12280,122.38443680748712095897526883831
2023-10-24,2136,1067469.7255,8314,10303,114.47004276058117078183848525334
2023-10-25,2233,1216919.5908,9021,10714,125.82146490613319421765877271188
2023-10-26,1869,989505.9575,7351,9126,118.41173139126755941223663796531
2023-10-27,1867,1015214.1808,7562,9562,123.00733241886349374768664836919
2023-10-28,1747,982600.9066,7172,8206,129.59141825763779774037172125370
2023-10-29,2710,1567014.4838,11365,12925,133.49504699757657899816840544477
2023-10-30,2278,1217596.1521,9004,11531,119.56748710629344248537282849357
2023-10-31,1990,1079799.6783,8089,9681,122.07976088197938278246352598878
2023-11-01,2016,1071445.4635,8005,10875,121.87821923244736611882645647474
2023-11-02,1854,1021846.7422,7375,9057,124.85285609633808103439858580921
2023-11-03,1782,950328.4630,6935,9582,115.97948836868688303532527707972
2023-11-04,1685,937409.2509,7012,8001,128.63647991396110624447120335890
2023-11-05,4105,1791256.0629,15993,18904,100.21342715734821691011698395649
2023-11-06,2814,1293722.2736,10719,13696,104.16923271023887059775099201597
2023-11-07,2177,1080449.3044,8675,10945,109.04445303081977404779326372036
2023-11-08,2187,1085291.6862,8709,10241,116.45381927782601093247665926515
2023-11-09,1985,950148.8144,7707,9705,107.99253280947883129181180316662
2023-11-10,1854,926855.0643,7207,9226,110.90614309071187218478603019355
2023-11-11,1640,883510.5684,6439,7875,119.88956725603528994823934147100
2023-11-12,2724,1459950.4791,11020,12807,120.98980723024738514934593366115
2023-11-13,2284,1176692.7908,8933,11801,114.80388477764303368623759183260
2023-11-14,1895,1052993.2238,7885,9462,123.97183181494422229477268006828
2023-11-15,2271,1222523.8500,9118,10586,123.17014229025655437338808390941
2023-11-16,1698,826018.2665,6613,8072,110.47348343925172231598536560350
2023-11-17,1686,833678.2790,6390,8142,107.77871520346395740340524150389
2023-11-18,1942,911722.1278,7499,8746,108.94788997301927825318283864021
2023-11-19,2633,1272798.5621,10304,12118,109.91894087665209192888347602144
2023-11-20,1881,1015789.3400,7268,9759,120.19694542497345982083928709550
2023-11-21,1458,755342.7500,5721,7084,117.67196889752989592604668787579
2023-11-22,1391,809111.1698,5536,6810,134.77484035607083248524684319689
2023-11-23,1490,846177.2341,5720,7787,121.62255450098141839007289697352
2023-11-24,1728,925399.8663,6658,8338,123.03534325639138730459174720740
2023-11-25,1386,844509.3107,5509,6679,134.11040349981216725748473465646
2023-11-26,2122,1338315.0716,8744,10103,141.11559536495197923769352340843
2023-11-27,1794,1042110.1825,7143,9486,130.68020731962228395652822685612
2023-11-28,1401,817707.4429,5506,6927,129.52312159038850944800959601905
2023-11-29,1460,855565.3948,6036,7170,131.09064689161871962623842323098
2023-11-30,1476,905857.1751,5559,8370,123.03175612404119117875664248126
2023-12-01,1301,703603.9468,4937,6710,116.39822236357982388732695777849
2023-12-02,1205,749062.1229,4812,5829,140.55631478115904329353905687352
2023-12-03,1738,1148985.7378,7344,8585,146.78502836822530817911880267587
2023-12-04,1649,1039194.8677,6610,8805,132.41727940594330730952755796323
2023-12-05,1390,991868.7549,5791,8331,133.43526949620646267926881051955
2023-12-06,1501,911135.9980,5949,7581,133.99978853253965280917374562942
2023-12-07,1350,815704.4895,5347,7090,128.13053929372504289822029360966
2023-12-08,1336,874676.0816,5359,6791,135.84403412649859020636012059985
2023-12-09,1270,832440.9167,5283,6244,144.58875021366907622831793447970
2023-12-10,1895,1286102.2092,7728,9296,146.50205492744661176864566695111
2023-12-11,1746,1164187.9170,7146,9522,140.34086609826501981878051574526
2023-12-12,1339,914121.7254,5522,6877,143.03580685761742285080807277373
2023-12-13,1516,912014.3599,6078,7643,135.70725073477833473542632537865
2023-12-14,1321,769275.8823,4991,7094,122.26393910943180856849569706247
2023-12-15,1238,730476.0935,4817,6875,126.30242325728054254123772840349
2023-12-16,1234,774301.0701,5001,5946,136.56738082457810948070688330479
2023-12-17,1915,1281645.9417,7922,9392,145.18889963280409721105621711375
2023-12-18,1617,1031943.1099,6129,8619,129.24240857880653378968256195050
2023-12-19,1397,889871.2524,5568,7426,131.78054618423189648473751670374
2023-12-20,1274,793306.9446,4875,6483,134.28480032191094078798536957384
2023-12-21,1268,779782.5554,4747,6927,124.29309150637249529654592945696
2023-12-22,1493,905785.8030,5969,8035,128.08201034152559352259419591237
2023-12-23,1317,925759.0912,5145,6877,141.13188990751735153219151073473
2023-12-24,1366,915089.3590,5374,6772,142.68247700037940669828987242726
2023-12-25,1143,835152.8582,4993,5569,160.85306554220473603733515627771
2023-12-26,1530,1167210.4016,7010,7550,166.01868118167379473380949203651
2023-12-27,2108,1585691.7395,8952,11324,154.99525526835215283382160752548
2023-12-28,2113,1586808.2792,8794,11766,147.79078956040608511149782271233
2023-12-29,2137,1426814.8453,8542,10993,131.42614220175568050562700375094
2023-12-30,1748,1205263.7640,7075,9120,137.53869418905770430325206364106
2023-12-31,2439,1339576.2854,8897,12039,111.00248745904154376498538043798
2024-01-01,2503,1584061.4235,9842,12559,131.11295059846702143733723179791
2024-01-02,3567,2554183.7856,13631,23671,129.72824914236309055856144640667
2024-01-03,3290,2202627.3389,12784,18405,130.31646407176678170532948312734
2024-01-04,3359,2644674.3953,13522,24168,126.33810619821329385185971146276
2024-01-05,2784,2033304.4676,10983,17391,130.60375319274869582154626791878
2024-01-06,2607,1934182.4836,10742,14061,148.69293650755571150597779356788
2024-01-07,3834,2774749.6817,15456,20245,143.31157162447637287051009834907
2024-01-08,3358,2740696.3231,13461,22418,131.81328756507625517250736322121
2024-01-09,2817,1967226.4719,11187,17001,130.55183079557077653449586211071
2024-01-10,3003,2127548.1977,12107,17725,134.43979289110000582445752624538
2024-01-11,2790,1846390.5371,10758,15990,127.80605314713803102625529537048
2024-01-12,2667,1763413.4530,10458,14501,131.92392794946363462184659089206
2024-01-13,3224,2196109.0750,12615,17067,133.65670044399570728437694498135
2024-01-14,4653,3236401.5109,18584,23952,139.97914222430624933301888043408
2024-01-15,3146,2252938.3680,12556,17469,141.93558052350077449414052651683
2024-01-16,2721,2063054.0508,11022,16152,141.94632409097137622621496656427
2024-01-17,2633,1889834.2085,10496,14371,137.97916156401017957121823155299
2024-01-18,2542,1822247.2459,10142,15070,138.75948440731593128694288490794
2024-01-19,2506,1692087.3794,9913,13362,137.61388657256627488081623560702
2024-01-20,2566,1922056.7211,10387,13673,148.84309997782230922863840087099
2024-01-21,4044,3073184.5394,16429,21707,150.74370857702335459514428694366
2024-01-22,2966,1986190.2635,11489,16271,135.70257306174905824478514509307
2024-01-23,2946,1893992.1788,11331,15652,129.83336411758714391938520475825
2024-01-24,3066,2110794.9323,12028,16154,139.98386855373539799097099676936
2024-01-25,2790,1739471.6911,10657,14617,128.20754369575873216234541605404
2024-01-26,2728,1774302.3715,10376,14611,133.65456595878846358206511570085
2024-01-27,2755,1967392.3637,10998,14385,143.62654611788746251731884100905
2024-01-28,4137,2975007.4151,16064,22335,139.08666765783697837060676509714
2024-01-29,3367,2215781.2888,13010,18333,133.42487968944721880700390369166
2024-01-30,2878,1854693.8378,11033,14949,132.57638326246907801110645159386
2024-01-31,2932,1952875.3454,11435,15242,133.96398689041224805050107311170
2024-02-01,2574,1609885.0752,9584,13765,126.83675120694072399930359183981
2024-02-02,2688,1722998.5834,10342,13750,133.00735488774445993697330595705
2024-02-03,2690,1927024.6824,10729,13778,144.20039604451797851442143649518
2024-02-04,3856,2769131.3800,15221,20159,143.47300367398414313828458363782
2024-02-05,3121,1960059.6477,12067,16769,128.61806889756926466922976044897
2024-02-06,2591,1699818.9119,10230,13625,133.89452353145804191696788563404
2024-02-07,2811,1807868.7140,10931,14277,133.16351993178800980561824806661
2024-02-08,2477,1419480.2631,9017,12309,123.18915932697784126504993096125
2024-02-09,2299,1352048.8289,8658,11497,124.59445709087027000412827184475
2024-02-10,2259,1466459.4481,8515,11473,130.31937811634446980736272506262
2024-02-11,3461,2340671.7705,13426,18453,137.06698166752117055642426140879
2024-02-12,2778,1753933.4082,10563,14442,128.11683177076990319844625616304
2024-02-13,2450,1501710.6192,9304,11882,131.86627452341639699264993166284
2024-02-14,2448,1567167.8387,9398,12427,132.98948925286301672771244110695
2024-02-15,2452,1461866.3764,9142,12269,125.41808019086212444748446345435
2024-02-16,2642,1504550.7694,9899,13650,117.60068553489097417733285535629
2024-02-17,2644,1670695.4751,10288,13128,128.36667233136914457195806597555
2024-02-18,3973,2527297.6342,15423,19402,130.53200344499198139238584132252
2024-02-19,3179,1888429.1174,11925,16120,121.79586855553872390652719218121
2024-02-20,2727,1559287.7056,10167,13411,121.48003252486579173993542473271
2024-02-21,2732,1748121.5508,10320,19498,126.35768884024803923116372667211
2024-02-22,2507,1543798.5916,9427,12410,128.36055918085668327687454718785
2024-02-23,2503,1526062.9981,9146,12651,125.31069623313492730200722498271
2024-02-24,2393,1606733.2517,9084,12219,138.35452882796407611257793754941
2024-02-25,3650,2635430.2593,14034,18835,142.18366038368507711715033126179
2024-02-26,2846,1765964.7762,10628,14467,130.93114742311679867203513902553
2024-02-27,2718,1783406.6744,10743,13673,140.64872793924592989741088940318
2024-02-28,2489,1541022.8008,9237,12623,128.67408550773728953475428336453
2024-02-29,2170,1298377.4229,7813,11329,125.81195607595368580782432172927
2024-03-01,2219,1334124.4165,8207,11242,128.44391968423161490719860491268
2024-03-02,2142,1462338.0373,8390,10716,143.00685478304314169025564361589
2024-03-03,3359,2383656.1602,12676,17555,141.39752485927893253797637647304
2024-03-04,2754,1766677.2413,10120,13998,134.25636309260893670093396495581
2024-03-05,2576,1654430.9029,10235,13058,137.65053424539932881111122336858
2024-03-06,2523,1505831.3486,9440,12439,128.08357491806554648755968424570
2024-03-07,2293,1423670.8504,8382,11711,130.65546243946071223573133427928
2024-03-08,2070,1227403.1985,7532,10529,125.18654813782472430558241021993
2024-03-09,2065,1321207.6681,7712,10281,133.75026245915937692648376922070
2024-03-10,3183,2238903.3793,12090,16592,140.90685933292095654488626800432
2024-03-11,2540,1651926.6557,9673,13097,136.65491148363810218695897016954
2024-03-12,2214,1444028.2283,8363,11460,136.11685243624985282671323427043
2024-03-13,2435,1656993.9600,9215,18589,133.78683388461175772028629513388
2024-03-14,2091,1390883.4587,7469,12282,127.23467918495105035893683026098
2024-03-15,2187,1314941.6503,7696,17911,123.35876229225879996736473827407
2024-03-16,1986,1360651.3159,7627,9972,139.41540284687520714711047037362
2024-03-17,3295,2277873.2355,12473,16485,142.09869552099192667360232893826
2024-03-18,2448,1551641.0828,9324,12700,133.72426498418794768261544307482
2024-03-19,2159,1339275.0152,7928,10764,130.61727817025349310037721587087
2024-03-20,2290,1457297.2152,8682,12125,134.76250886101813894061876113078
2024-03-21,2256,1342987.8263,8358,11342,127.30810972597059476972732597557
2024-03-22,2234,1366360.9506,8105,13942,125.91348710027618035780538906611
2024-03-23,2168,1437156.7665,8198,11048,139.90901679144661236527109089760
2024-03-24,4607,2527338.3797,16103,23269,112.89775967937494287584636111042
2024-03-25,2981,1654807.3131,10775,15261,118.60905652664746070927068048281
2024-03-26,2293,1385060.9832,8520,12378,126.03474195100067630007168825638
2024-03-27,2276,1363882.0018,8451,11736,125.02445781044712399435344487312
2024-03-28,2034,1210618.9515,7273,10431,123.38151344860272869745970241603
2024-03-29,2000,1186527.0567,7209,10739,125.41962154684616505120661992479
2024-03-30,1776,1154781.3718,6477,9062,132.42521463984545842598351983934
2024-03-31,2228,1520472.0770,8929,11069,145.75886373976749364793621738579
2024-04-01,3067,2231438.9110,12107,15733,151.85448477467748969860138811550
2024-04-02,2501,1510632.8583,9061,13022,127.77084502438236966567698698427
2024-04-03,2621,1594280.0167,9532,13808,127.41819869047995444985501712011
2024-04-04,2375,1397536.3285,8604,11721,125.43886106938168814461217740745
2024-04-05,2075,1243899.2990,7645,10405,128.01562643490629894625455113803
2024-04-06,1873,1122583.9474,6844,10262,121.68709472293431357473927352286
2024-04-07,3303,2032440.6082,12171,16830,125.47128884760326862373914008414
2024-04-08,2280,1479428.5547,8503,11868,133.73700833204337439096569407784
2024-04-09,2145,1357199.1506,7885,11452,131.53783413377512584979847732468
2024-04-10,2183,1425005.4688,8223,10835,137.05878099091183386795396033335
2024-04-11,1961,1176360.3359,7326,10182,128.18493099275877308965544259682
2024-04-12,1877,1152651.2336,6940,9695,131.30508790261085225431491539369
2024-04-13,1642,1122317.7450,6210,11239,137.16054483607351582204478907489
2024-04-14,2675,1909101.6488,9817,17512,139.47433946847075861123616044064
2024-04-15,2255,1526300.7495,8521,11541,140.88644245364593713452830053225
2024-04-16,2209,1473327.9297,8100,14467,131.97934289590230422777602842208
2024-04-17,2399,1614829.6064,9238,13091,138.87662618999011673122322620948
2024-04-18,1956,1186274.5650,7279,10271,130.49679106430712632802238761726
2024-04-19,1978,1244500.7489,7235,11589,127.06527266502093073470202108241
2024-04-20,2016,1351484.0418,7692,10632,141.32246766826627133252787074037
2024-04-21,2734,1858109.1354,10513,13691,141.31245446630462141887862824779
2024-04-22,2490,1624643.6474,9377,12868,134.18831151514656984325750878410
2024-04-23,2318,1448902.1341,8635,11603,134.08452117918459138345628173354
2024-04-24,2558,1590018.3117,9736,12559,131.67080719275686988567193652654
2024-04-25,2220,1332492.8919,8313,10553,130.66756496969517528553417277049
2024-04-26,2053,1214386.0273,7524,10006,125.20679577562562403638198259159
2024-04-27,1844,1143656.0498,6588,10777,126.09753295544825350369058232951
2024-04-28,2974,1988360.6253,10945,19490,134.75611164771239947630591781908
2024-04-29,2490,1547266.1974,9103,16336,128.46505065615243572611361428224
2024-04-30,2076,1366828.7167,7681,14941,133.51273095786969871849165692055
2024-05-01,2087,1322038.3559,7818,10382,133.01000104743146810454502762058
2024-05-02,1914,1200744.5816,6691,10681,125.13331897400886335914441449351
2024-05-03,1957,1270791.0767,7031,10760,133.03319546683010862071925889430
2024-05-04,1725,1120921.9288,6277,8946,132.74331222942735722795884764520
2024-05-05,2384,1670137.5229,8649,12528,141.47164942390761764779424854472
2024-05-06,2080,1343232.2164,7189,12179,127.92007961132375019783612727852
2024-05-07,1898,1147881.1117,6614,9292,125.81785904488401675860795906271
2024-05-08,1917,1299304.7054,7082,11304,147.28678497151449483556516864015
2024-05-09,1850,1289583.7141,6655,9952,139.51830881280822942942271090321
2024-05-10,1612,955504.4318,5458,8698,119.44883399329329592918712259522
2024-05-11,1200,879202.7763,4216,7404,136.66075755123205355926194186404
2024-05-12,1973,1424223.6385,7000,11284,138.99614958506428555773356155809
2024-05-13,2012,1387616.1261,6980,11268,134.18180534083566640077417924674
2024-05-14,1929,1248378.1968,6753,10152,131.20461374485190300779446021843
2024-05-15,2124,1414769.8013,7601,12850,136.42154585867668973707904326364
2024-05-16,1948,1347689.3084,6668,20642,124.19739866309230431495151986818
2024-05-17,1801,1200919.4966,6449,12024,131.76227581825547115565954038565
2024-05-18,1526,1157971.9799,5529,12284,145.21506714468303606476283434091
2024-05-19,2039,1452059.3684,7223,10783,140.49977396016369201490084512905
2024-05-20,2691,2075078.6848,9843,15111,146.41165579269138366716826212910
2024-05-21,1949,1289913.5535,6882,10522,133.19958013197925856587045997410
2024-05-22,1939,1318865.4417,6916,10159,137.66106270435877673104791869091
2024-05-23,2202,1377036.9560,7603,11699,126.39854919335979874637251027380
2024-05-24,2300,1555307.2716,8441,12962,132.30748182411930877529025496583
2024-05-25,2014,1407075.1275,7211,10720,139.69402816867409098707212358222
2024-05-26,3968,2353657.3412,13602,21371,114.98840523959847592295018455573
2024-05-27,2803,1664460.7444,9737,15078,119.21705639958560992802781761499
2024-05-28,2340,1534605.9930,8125,12713,129.08658150721630749767150071502
2024-05-29,2414,1502952.5461,8488,13217,121.02000362568648449958616849854
2024-05-30,2095,1298977.8827,7177,11326,123.41870966317608253818800978698
2024-05-31,1957,1181581.9155,6627,10463,119.71397237122804884610803335241
2024-06-01,1827,1248557.7789,6555,9967,134.77916052872275650241460458545
2024-06-02,2858,1853016.6253,9946,15287,128.49982374826655273014235644700
2024-06-03,2450,1567352.6991,8471,14209,125.31131361096060505942415297806
2024-06-04,2011,1334480.3899,7194,11019,130.21653993678691194173814020769
2024-06-05,2234,1319111.0691,7707,11652,117.74996268802517486786892612849
2024-06-06,2120,1215952.5476,7044,11012,115.01691720108498387966068574458
2024-06-07,1886,1187196.3965,6538,9996,124.79250690528456981135171523959
2024-06-08,1967,1213971.0092,6869,10208,122.36296368949178582206105141718
2024-06-09,2931,1873661.7807,10478,15387,126.47640085079050007479063816309
2024-06-10,2041,1438813.1186,7585,10899,139.42941103927333290030282468121
2024-06-11,1718,1223889.8938,6351,9219,141.71067574674248765135544794140
2024-06-12,1752,1237032.5500,6657,8997,142.00483672068713292296547108799
2024-06-13,1751,1209377.9788,6259,9832,134.41972190324851186219125946627
2024-06-14,1631,1065491.3181,5686,8732,129.81468581472435219111791564634
2024-06-15,1614,1127069.4349,5705,8746,134.11573661864362701565202205009
2024-06-16,2383,1788533.9908,8908,12836,149.36144091323259711509903946564
2024-06-17,2303,1539238.2963,8017,12144,129.23259576550998799988157301878
2024-06-18,2061,1401392.4062,7272,11574,134.65506442341517258529036162068
2024-06-19,2146,1420664.4656,7342,11594,129.69047301442571524895216510668
2024-06-20,2028,1270587.9140,6894,10097,127.28570228028197091377919264696
2024-06-21,1838,1214294.5711,6423,10160,126.78138580408097027049157838199
2024-06-22,1720,1200288.9752,6242,9225,133.63959032010704794103868019015
2024-06-23,2456,1787407.0969,8890,13291,137.90744594278513539983409104629
2024-06-24,2254,1560351.7770,7911,11890,133.94137272066473724727066081387
2024-06-25,1816,1197177.6470,6435,9866,126.37890555373110895319778873149
2024-06-26,1887,1319162.7099,6859,10308,135.13573585678356355367670274966
2024-06-27,1910,1269031.3912,6681,10539,132.86318251596274565101375061792
2024-06-28,1940,1320218.6487,6663,10278,132.54511607061150126405604361654
2024-06-29,1755,1260660.8361,6429,9508,141.23177172817889624851862426482
2024-06-30,2854,2145223.0684,10503,15815,142.59835032926314445821516647269
2024-07-01,2509,1853489.7252,9375,13696,142.59959002069702385080334821355
2024-07-02,2106,1487171.2797,7812,11498,139.21738445261739995047209464843
2024-07-03,2300,1561728.2018,8296,12198,133.63816191426707509130054144624
2024-07-04,2241,1562420.0742,7957,12110,134.94202718675376722735210416607
2024-07-05,2278,1480357.3056,8177,11854,127.34258327561527023412173773465
2024-07-06,1915,1400184.5155,7268,10510,144.04001489374693850398437119827
2024-07-07,3013,2273370.3843,11393,16469,147.11079256698406506910876939369
2024-07-08,2677,2089858.9113,10341,14579,154.75322633944599824540710033249
2024-07-09,2248,1602042.9655,8620,12134,140.17234459440117341684821172038
2024-07-10,2125,1500134.9816,7898,11777,137.19521079488374804381565069845
2024-07-11,2455,1678849.6051,8834,13245,133.03476685122210289349917073565
2024-07-12,2525,1736589.8287,9472,14778,133.76133906288542390966039337108
2024-07-13,2594,1875599.5916,9755,14169,141.41915492683931703615223491625
2024-07-14,3442,2393319.8178,13063,18167,139.53165406985691076600167509167
2024-07-15,3036,2049483.1877,11217,16015,136.23033348432809720196328940549
2024-07-16,2524,1821348.9899,9667,13853,143.80206728496408161551440811045
2024-07-17,2638,1831880.4184,9838,13926,139.63106870003807860498579928138
2024-07-18,2250,1541409.2679,8232,12179,135.57487106315445731297880491278
2024-07-19,2067,1454213.2211,7723,10842,139.83190078081294240648379976271
2024-07-20,1987,1495729.9693,7471,10934,149.06150427980028984230864593385
2024-07-21,2792,1987032.3185,10331,15015,142.31660115966110940985312844555
2024-07-22,2622,1735541.8315,9560,13305,137.60963279764655488958241872296
2024-07-23,2556,1794158.9265,9503,13289,144.36095755870484748120708165063
2024-07-24,2654,1820352.0120,9984,13586,144.70060001767815307906079464270
2024-07-25,2347,1549638.4745,8795,11810,143.53410069827709329966253230824
2024-07-26,2104,1343140.9283,7606,10383,136.99433135636064729221678622595
2024-07-27,1910,1313621.0615,7005,10106,138.82793795662853414480546717855
2024-07-28,2466,1607370.3335,8669,12707,137.25553233582727418295395088129
2024-07-29,2338,1480914.1490,7926,12005,130.37425873100513497961064454246
2024-07-30,1863,1191413.6427,6734,9615,137.33017570302488283533410044124
2024-07-31,1896,1214053.4249,6832,9817,135.27666185332003479953943623870
2024-08-01,1874,1204026.7559,6730,9653,135.86748640593478957780954050894
2024-08-02,1879,1096886.3908,6456,9279,124.47908998185223470843336767191
2024-08-03,1656,1029144.0265,6028,8707,130.69768210402686460789778440550
2024-08-04,2539,1623664.1877,9104,13571,131.64337807263646229883612410509
2024-08-05,2184,1348904.8833,7972,11284,134.12582952126001299773040841008
2024-08-06,1984,1201754.5636,7308,10073,132.14805381472623893478363929494
2024-08-07,2221,1310901.5435,7842,11138,130.18055522757930635477634762293
2024-08-08,2059,1282390.2464,7215,10894,127.33276940536666516125788549893
2024-08-09,1989,1174953.0030,7026,10445,125.43852536967366884316433589420
2024-08-10,1740,1019886.1997,6125,8869,123.32983474318340389768961197575
2024-08-11,2225,1314486.8685,7791,11552,122.56291903775765958752701266105
2024-08-12,2452,1397108.2340,8729,12513,122.09684745646828280307996325341
2024-08-13,2243,1350086.0993,7870,12819,122.24490641794197029964259107895
2024-08-14,2545,1415653.4987,8884,12630,122.21700983230702134812774808286
2024-08-15,2364,1219877.4615,8314,11518,113.59290634780319232202120099924
2024-08-16,2357,1336770.7070,8270,12018,121.39056323711011772283631105265
2024-08-17,2142,1163564.7468,7549,10556,119.09246315061764771789626802094
2024-08-18,4295,1839363.8933,14422,20583,93.95163404575660694723849841820
2024-08-19,3224,1478899.1915,10830,15209,101.37568049416526785470077805544
2024-08-20,2965,1512441.9304,10595,14989,111.14373753121169584559835289596
2024-08-21,3106,1560347.5415,11217,15069,113.24382944093572175220177894440
2024-08-22,3041,1423701.6823,10567,14845,102.27347023590733808689287368490
2024-08-23,3100,1494328.1926,10649,14689,107.61751476838689466712123135888
2024-08-24,2779,1421881.5979,10092,13371,113.24952726182197271466614578898
2024-08-25,4085,1946404.4398,14781,19139,108.48268754133047746845250071220
2024-08-26,3643,1737520.2746,12879,17260,107.86041459185247894325211783713
2024-08-27,2849,1483540.7174,10443,13983,117.22904084472824346019132915911
2024-08-28,2816,1414989.3925,10153,13216,115.86946460031684584070108694022
2024-08-29,2719,1290520.0150,9230,13043,105.04031125711678888259392775055
2024-08-30,2668,1354740.0261,9524,13593,112.14640656058989120229609735376
2024-08-31,2864,1355160.3851,10255,13898,104.80704714391887465524858022412
2024-09-01,3642,1768006.9951,13190,17597,108.64743234435892874263658177332
2024-09-02,2561,1449377.3921,9482,12859,123.95235142948101369432762937103
2024-09-03,2498,1376718.1130,9125,11838,124.30641201449397551776158305677
2024-09-04,2694,1500563.0874,10107,13096,124.74354244347700786123605746187
2024-09-05,2328,1296831.7325,8296,12760,116.86382983597919425304951161042
2024-09-06,2213,1208577.5799,8128,10554,123.59122659258746843882598303347
2024-09-07,2142,1246354.4625,8085,10389,128.19859773568229967667379763019
2024-09-08,3331,1919327.2984,12793,15940,129.85800494518272750373793444801
2024-09-09,2878,1602276.7713,10883,14845,127.89113730610177262599533316354
2024-09-10,2464,1384195.8977,9476,11709,130.07856974878143303848700805065
2024-09-11,2707,1520227.6086,10338,13275,125.92517764610005308233750192251
2024-09-12,2378,1204988.6644,8580,13029,116.58109628640813477580042613064
2024-09-13,2437,1254796.6326,8907,11239,119.43510236260646569924920440392
2024-09-14,2503,1226472.8826,9390,11409,113.18796522871891503085241296379
2024-09-15,3358,1757627.3278,13113,15366,121.43032517865446658477577639026
2024-09-16,3141,1539775.1106,11652,14223,115.16580681521814983987144438118
2024-09-17,2738,1385321.1386,10153,12363,117.41320183330332669137958695652
2024-09-18,2617,1378079.5578,10164,11711,122.62730879931218516383971668162
2024-09-19,2373,1195469.9877,8728,11182,115.25824552209455745815454461869
2024-09-20,2372,1113458.6554,8732,10945,109.05575515568010226671524236565
2024-09-21,2049,1113033.2404,7855,9671,123.19780476344812083388892828284
2024-09-22,3100,1704239.9360,12422,13903,128.07721399139816809808783206319
2024-09-23,2998,1508208.3186,11309,13818,115.82509553122410742731598346561
2024-09-24,2388,1257353.8995,9441,11034,122.99416940383490994885995364020
2024-09-25,2656,1406617.3416,10347,12334,124.84023317965229545203933886095
2024-09-26,2393,1193993.2055,8830,10936,117.19747487538037753557574939507
2024-09-27,2178,1159080.5569,8374,9989,122.46551963946918455459101353870
2024-09-28,2011,1141458.9106,8038,9108,132.42813730635620439069888152556
2024-09-29,2954,1691851.5496,11959,13649,134.23423136731481172378291062853
2024-09-30,2700,1456978.7182,10360,12253,125.42971019508535607962964583548
2024-10-01,2332,1343004.5289,9234,10805,133.00119709083175083326755512501
2024-10-02,2463,1406607.3481,9924,11329,133.45547801109731330050445903278
2024-10-03,2257,1216816.9370,8712,10614,126.45362179823586788773930771583
2024-10-04,2094,1176896.8752,8168,10094,128.53153788679097715541112791201
2024-10-05,1997,1107261.7951,7833,9291,128.45637462386070455489894113312
2024-10-06,3179,1877108.3564,13316,14608,137.83563194380375814779229141735
2024-10-07,2676,1462648.3261,10434,13569,126.10493161629155757579160761430
2024-10-08,2474,1386568.8904,9668,13535,126.90073391375978755659047720053
2024-10-09,2504,1350591.0788,10163,11470,128.65092147357971888557819001012
2024-10-10,2213,1167443.1601,8543,10355,124.43193752931420751489955642167
2024-10-11,2292,1218367.9547,8840,10525,124.73233364199444260513142273778
2024-10-12,2237,1322754.4420,9210,10363,138.13807486647069480309575920575
2024-10-13,3271,1938332.1961,13550,14608,140.91490606620883390114159344905
2024-10-14,2605,1458499.8262,10264,12009,131.90886493275119230480761836622
2024-10-15,2163,1174456.7533,8840,11420,129.83306455435579375460817047113
2024-10-16,2291,1248581.6623,8975,10330,129.16332218608799902506196212382
2024-10-17,2001,1122574.6154,7734,9613,129.23950983784032646463390303973
2024-10-18,2169,1145476.2781,8208,10230,124.10445724516756481601341540629
2024-10-19,1996,1166077.8738,8078,8921,139.45961734483374966758652559285
2024-10-20,2864,1759862.7085,11942,12759,145.36472526545242245295984289793
2024-10-21,2413,1351503.1860,9562,11449,131.49888090616584922038729514600
2024-10-22,2008,1157254.1426,8100,9338,136.33497113763324339094696438414
2024-10-23,2205,1207473.8155,8506,10093,130.41350926982144930838031530264
2024-10-24,2066,1136686.6307,8224,9381,130.29948781346813903136661678655
2024-10-25,2073,1062945.2981,7902,9156,124.76113489283749002039411484915
2024-10-26,1796,1052581.0261,7184,8611,134.32451544644363090390472394255
2024-10-27,2641,1578087.6215,10685,12199,142.32436840109774497005113131301
2024-10-28,2254,1291988.9933,8903,10598,134.90676217976900186414644268520
2024-10-29,2076,1177885.1238,8236,9813,130.70950470592244616370395714377
2024-10-30,1959,1102786.4700,7581,9126,129.57796370027224128598284818033
2024-10-31,1935,1039443.2370,7382,9016,123.53197909821101066041877337879
2024-11-01,1862,1054078.6941,6977,9143,127.39747063954672728165092443966
2024-11-02,1728,1015780.1967,6690,8095,130.51778991139853958879480921346
2024-11-03,2946,1553157.3195,11247,13599,121.36432395323204573185950047828
2024-11-04,2206,1215997.7166,8339,10953,121.74291240678522184840330634939
2024-11-05,2129,1268509.0000,8645,10444,137.08451234567598856700246066073
2024-11-06,1934,1034649.0553,7423,8919,126.79443673655250788445377415005
2024-11-07,1748,900519.7827,6457,8240,117.81270471104910585631757618196
2024-11-08,1782,919145.4225,6588,8353,116.94607103253553957779309891825
2024-11-09,1640,981359.9712,6389,7748,135.20599480882280325403162773382
2024-11-10,2545,1517552.7629,10338,12009,135.41241169078422159101070981980
2024-11-11,2064,1137470.7457,8171,10008,127.77340583715780777793050294676
2024-11-12,1685,991031.9756,6474,9173,128.41524443292013803034440406277
2024-11-13,1830,975588.3728,6964,8858,121.95658907618026515448347593033
2024-11-14,1730,1023078.2482,6523,9106,125.34894850804859691621834015078
2024-11-15,1715,959799.9023,6671,8306,125.78406266747953148669081619245
2024-11-16,1621,949457.1769,6331,7628,135.57871721216962338457665560318
2024-11-17,2327,1419356.7850,9363,10960,135.86131117878821442536345344000
2024-11-18,1803,1096515.6581,7276,9429,134.80600084919448718310796757443
2024-11-19,1515,879609.5254,6053,7857,131.70384835979494731651939989117
2024-11-20,1627,954600.5083,6386,7963,130.32045893778148862338672091549
2024-11-21,1485,863581.2824,5770,7450,130.23950211040564736398235226516
2024-11-22,1568,866449.3189,5878,7847,120.48121741109753417937561160077
2024-11-23,1468,919405.4227,5927,7290,135.47951789152606231185435313920
2024-11-24,2210,1380825.9860,8958,10638,137.13581329832440847173418968017
2024-11-25,2060,1200726.4029,8030,10083,128.24991885599363508368627188211
2024-11-26,1628,926993.5054,6529,7585,129.51795936839768715517164187181
2024-11-27,1794,1136510.4364,7188,9438,135.52733565848310631030128360461
2024-11-28,1510,878792.0617,5763,7920,125.93240945847705658757657207281
2024-11-29,1766,1018561.7000,6793,9260,121.51807252751477229009445073995
2024-11-30,1674,1049061.8403,6750,8469,133.81895468631150346404329176355
2024-12-01,2255,1384280.4616,9110,11015,136.42897510747798717929073890089
2024-12-02,2032,1210770.1225,7893,10666,130.12002658231712892959678107673
2024-12-03,1594,1052791.2600,6733,8244,142.25727836651561824904532315022
2024-12-04,1722,1073946.7967,7093,8599,137.72666004582544075161156938579
2024-12-05,1484,863387.6400,5599,7753,124.55925063383731695440682147720
2024-12-06,1746,1118523.3881,6824,9839,126.60923832781538741135913833314
2024-12-07,1538,995467.0238,6208,7673,141.85575672449487858319645948415
2024-12-08,2379,1574061.8354,9649,11849,142.33238407311290448047689015173
2024-12-09,1967,1177691.1781,7572,11952,124.59703221307046009715259526973
2024-12-10,1613,1031519.2507,6445,8763,132.56727694389186841948600895816
2024-12-11,1620,1003090.7786,6478,7847,138.01136891352491980792836739009
2024-12-12,1702,1037545.2526,6996,8519,132.97042831031874889700705539735
2024-12-13,1589,959197.2377,6235,8918,127.02480712297584723396970074168
2024-12-14,1674,1077293.9831,6753,8226,140.38297769448274847195063151848
2024-12-15,2199,1416180.7805,8967,10742,139.97280167518428835301263284920
2024-12-16,1907,1289651.1929,7674,10614,131.87737694743961877355758113319
2024-12-17,1613,1137574.6565,6296,10130,123.88873243825966613963186161241
2024-12-18,1763,1039555.4487,7355,8377,130.91803499559113328251120354252
2024-12-19,1481,870277.4820,5342,8423,116.18094855327531806365560220318
2024-12-20,1760,1019497.3319,6662,9219,122.55691508805739980029971382007
2024-12-21,2019,1361117.1784,7652,10768,133.63600520168799985038874482655
2024-12-22,2380,1589284.9689,9123,12561,134.22973079698783706210439169426
2024-12-23,2039,1284895.0886,7703,10832,128.71187875381262438349052522283
2024-12-24,1621,1105080.5996,6041,10529,126.20307565381293975405254873418
2024-12-25,1445,1105488.3112,6058,7741,154.42162768837952026441204695960
2024-12-26,2026,1544792.7182,8658,10360,160.04404994138973243450855391234
2024-12-27,2504,1791616.4808,10043,13486,143.55626523856506350197594333693
2024-12-28,2188,1614193.0070,8883,11931,146.99646682267317658664279957420
2024-12-29,2890,2168063.6972,11692,15906,146.73137010875507303422902545075
2024-12-30,2644,1890843.0330,10338,15745,136.79743685000830061053756028303
2024-12-31,1793,1292869.4830,7090,10401,141.67836322158488141699299030904
2025-01-01,2572,1840875.8438,10149,13422,140.42149071236546132225227661982
2025-01-02,3354,2522649.6726,13302,20017,137.97920059881000584905884018948
2025-01-03,2856,2028824.5764,11179,16142,134.71471696061191117407288229259
2025-01-04,2832,2004034.6388,11343,15003,142.93467120128514631147146932905
2025-01-05,4082,2958728.7810,16332,22355,142.10665879458948598328488215451
2025-01-06,3600,2331463.4938,13854,19219,130.67452631903809238282783877586
2025-01-07,3424,2324554.4394,13380,19480,130.64113862469174125234966458074
2025-01-08,3736,2680195.7660,14632,23022,128.14703928914924365736269445255
2025-01-09,3337,2255599.5452,13253,20274,126.71583484278560752696848630932
2025-01-10,3323,2107562.1511,12778,17976,127.18371996465038040027773500305
2025-01-11,3179,2312668.4310,12553,17627,141.78736686903092205133546421260
2025-01-12,4487,3284110.6211,18186,23923,144.78813660053617730127069040516
2025-01-13,3530,2303078.4932,13675,18516,131.91230935548896523914294063954
2025-01-14,3062,1993484.5792,12157,15898,133.97874160186128691819731482016
2025-01-15,3163,2045138.8983,12485,16520,132.30309739055884008380876955436
2025-01-16,2824,1678708.8984,10478,14684,124.72837061139722299714233968652
2025-01-17,2756,1783344.1472,10719,14668,131.30711131777137422662158783192
2025-01-18,2823,1994440.2232,10921,15298,138.40532398930274409628938969908
2025-01-19,3981,2889531.0879,15702,21342,141.09678420579885277262495965756
2025-01-20,3348,2208979.6710,12703,20065,128.51683952149357977634363082079
2025-01-21,2720,1787283.2627,10909,13909,138.02320162546395421209937486757
2025-01-22,2868,1780336.1054,11068,14790,127.06849617057531987145229061308
2025-01-23,2774,1656392.5234,10356,14289,123.20619859900235770098376414942
2025-01-24,2823,1756345.4875,10726,14629,126.66002847919157854277556652572
2025-01-25,3046,2041011.8868,11666,16296,132.93772647872972989251107274802
2025-01-26,4362,3026729.6092,16902,22873,137.22441800788209295088063819982
2025-01-27,3419,2034759.8994,12705,17767,120.87539132147735890143487539704
2025-01-28,2889,1734710.0159,10896,14909,124.62642604432508011483334965303
2025-01-29,2951,1869739.1212,11438,15410,128.75530489786746004172987096955
2025-01-30,2734,1582727.6820,10240,14548,120.76151543090252350589260685807
2025-01-31,2584,1601378.3983,9622,14132,125.26392804533796194170962514854
2025-02-01,2816,1814531.6750,10579,14742,125.92923739355085634623090631129
2025-02-02,3921,2631570.6182,14882,20291,133.42360100450311657662715883759
2025-02-03,3270,1940604.0552,12148,17204,121.08197396676376426319041642571
2025-02-04,2806,1694082.8598,10457,14304,122.61572355143383282776329948781
2025-02-05,2906,1736200.2930,10874,14712,121.61403922651037303634234171112
2025-02-06,2873,1614040.8652,10222,14829,112.23855198612608997834141444347
2025-02-07,2811,1577715.3884,10500,15084,116.92865164035514093217962314236
2025-02-08,2789,1784461.5083,10404,14514,128.15954051141668788727612257037
2025-02-09,4311,2908658.6035,16416,22389,132.66931600629372467517762355507
2025-02-10,3268,2064653.6124,12320,17140,125.15125981930213289525962124940
2025-02-11,2735,1671489.5958,10445,14017,123.99798651707549949108783439570
2025-02-12,2852,1655513.0438,10588,14435,119.92765231902705484081497384375
2025-02-13,2453,1411765.2130,8886,12335,120.43604640325205608606418323183
2025-02-14,2629,1480882.2805,9805,13517,118.89441194366864830050289412430
2025-02-15,2611,1664200.5292,10091,13284,130.64380024790483947104746498604
2025-02-16,3868,2582327.8496,14763,20045,130.91225847148994658348050054476
2025-02-17,3096,1863415.8534,11351,15964,120.60771827038899842245768069015
2025-02-18,2516,1569450.1408,9716,12966,127.28286819125761004741896461779
2025-02-19,2576,1536971.1468,9671,13161,123.90325108693034215955556442138
2025-02-20,2403,1401886.1180,9018,12566,120.68599514481407830335943863000
2025-02-21,2253,1344333.9230,8442,11617,122.67821938612919842794970416173
2025-02-22,2587,1696343.5500,9660,13378,130.77689359214222651451693572766
2025-02-23,3402,2419594.1284,12914,18355,137.49716556364296880821511875395
2025-02-24,3260,2040257.1932,11717,17332,123.73177723252940343603836994715
2025-02-25,2613,1559286.2082,9667,13464,124.97702573990531259260057263367
2025-02-26,2681,1686481.6256,9975,14069,128.70798307575536677273539056645
2025-02-27,2391,1525072.5866,8664,13476,123.23904844887613367934039222708
2025-02-28,2281,1389778.7060,8398,12147,122.00705173147904660348276325090
2025-03-01,2269,1373421.7012,7919,11239,121.23496094550075601611260122553
2025-03-02,3226,2096376.3716,11639,16502,129.49076410133503678873183082819
2025-03-03,2792,1688386.2342,10118,14833,119.67526537465662687513160805638
2025-03-04,2679,1631763.6342,9639,13718,123.04594128651837040125090771431
2025-03-05,2615,1590206.4639,9663,13391,126.92261005475345222959039283717
2025-03-06,2366,1415643.2157,8409,12100,124.47030765737609212994149996335
2025-03-07,2125,1329925.2184,7906,11341,128.28178208388107173558720688562
2025-03-08,1940,1347603.1374,7332,10139,138.88419271241687784093675575970
2025-03-09,2930,2124501.0980,11049,15584,142.26411336451262498804803397836
2025-03-10,2622,1739894.9250,9717,13994,132.78526207270677142610126230092
2025-03-11,2338,1550386.7942,8717,12214,132.97041231191460061840937836160
2025-03-12,2393,1592073.9262,8802,12418,134.69885475599189689639338446926
2025-03-13,2261,1428604.4242,8024,12056,127.23438403446978803374908727836
2025-03-14,2184,1420374.6058,7865,11392,131.42162373465252485492548353201
2025-03-15,2216,1549475.2872,8406,12019,138.78247160928789378582828281841
2025-03-16,3262,2307354.9238,12498,16938,143.48586657497021264114817403309
2025-03-17,2758,1773617.7324,10046,14802,129.65494299063746428279263168703
2025-03-18,2192,1393874.0480,7991,11287,128.72631538356071299404453014244
2025-03-19,2242,1502210.6881,8363,11597,135.01348715834316913710951473473
2025-03-20,2184,1355184.9257,7884,11550,127.86707343262925246637260447952
2025-03-21,1950,1211184.6104,6946,10154,124.68382925412606197319725906898
2025-03-22,2174,1491978.4538,8179,11191,138.13628832224242945040319538901
2025-03-23,3150,2231347.8294,11757,16279,143.08365100773479889719687074105
2025-03-24,2640,1648935.8242,9421,13669,128.23408208497501486337915240466
2025-03-25,2276,1485048.1982,8537,11789,135.44488844793442428305813448112
2025-03-26,2423,1618522.8258,9118,12286,139.16264019371688585823714712912
2025-03-27,2141,1304580.5828,7583,11420,123.98474633270965184104271514953
2025-03-28,2136,1297630.7582,7856,10380,130.87433978662300701111532811661
2025-03-29,2013,1330139.1198,7270,10272,134.57532565055488479439733248018
2025-03-30,3107,2207520.8770,11468,16092,140.03995276745785477997638411552
2025-03-31,2449,1582077.6260,9089,12368,133.50927822072358458294680698598
2025-04-01,2084,1385026.2446,7817,11852,138.33879805293397978589690091732
2025-04-02,2216,1452018.2730,8283,11521,136.08618886167166488081988384842
2025-04-03,1961,1240878.7994,7103,10558,133.15563608671479541816969895267
2025-04-04,1940,1191891.9066,6929,9860,127.51444750189676967517060956249
2025-04-05,1769,1182924.3392,6419,9713,135.76521206309366207058391678615
2025-04-06,2900,2034555.0768,10745,15520,139.37014292500821198130081197488
2025-04-07,2341,1546644.2924,8576,12415,134.58449508522229321916532666289
2025-04-08,2029,1365591.5760,7438,10632,139.07481780061340457663697002790
2025-04-09,2119,1401692.3354,7765,11209,136.74110324168187851003909717717
2025-04-10,1980,1359137.1442,7367,10734,138.09483541889286460711076713335
2025-04-11,1874,1290736.6772,7027,12124,137.60265260559467542695501950812
2025-04-12,1612,1105939.1953,5939,9297,137.54216167119557420043500467594
2025-04-13,2733,1906065.9014,10291,14293,144.23957238910236023504672212899
2025-04-14,2355,1504761.6450,8689,13117,132.84438629861218969665456008900
2025-04-15,2260,1534906.1850,8426,14155,135.72254674745231341641671244477
2025-04-16,2215,1522175.6717,8735,12031,144.94368076656188716317455838848
2025-04-17,1812,1118525.5674,6589,9272,131.84225320120768097141381011743
2025-04-18,2054,1316696.3917,7451,10375,131.45586161363761536247947928926
2025-04-19,1825,1189959.2694,6680,9552,136.56702081741709554101170415091
2025-04-20,2055,1371195.3329,7700,11004,140.38243298677868175682584418254
2025-04-21,2830,2028800.5870,11157,16047,149.98750305451072105498504272729
2025-04-22,2603,1701677.0938,9668,13225,139.44457541884455162077127088732
2025-04-23,2472,1585758.1878,9459,12197,139.09320461353175045229211597422
2025-04-24,2340,1422344.3108,8505,11264,127.13913718716656646833278394747
2025-04-25,2035,1208450.4180,7375,11044,128.31424484448077190143655438420
2025-04-26,1392,915812.7256,5090,7029,136.35783797334721283551754912322
2025-04-27,2403,1608114.2256,8402,13033,133.54843976537938808883754753418
2025-04-28,2354,1423469.4295,8351,12465,124.45747586859080906052046769634
2025-04-29,1963,1196521.5152,7060,9752,127.24317706202645122458572135166
2025-04-30,1891,1251445.7336,6872,10070,133.59203347442959485654148372203
2025-05-01,1899,1216635.5799,6665,10351,126.05256884435314589031644102059
2025-05-02,1647,1088546.8871,5645,9280,126.36646196834439869445282653638
2025-05-03,1730,1094129.0625,5739,10059,122.42160574433674193894477502978
2025-05-04,2190,1480992.8485,7750,12108,133.62451095141924889817694531459
2025-05-05,2256,1657480.3556,8163,13380,140.79296198931292844706463303299
2025-05-06,2008,1287322.1857,6695,11409,124.83663724942221834077447317761
2025-05-07,2117,1357168.4240,7250,10976,131.98457531068370962432852591839
2025-05-08,1906,1136945.4654,6361,10784,119.48153089291346566034977753536
2025-05-09,1990,1307141.0394,6715,11179,122.36078055995658214288191510617
2025-05-10,1667,1109798.6896,5809,9460,135.61817518669647221632636764780
2025-05-11,2260,1671896.2040,8577,11830,150.67062537125255187446775133786
2025-05-12,2296,1480970.9708,7748,15606,125.16877491790111275875672570969
2025-05-13,1869,1189735.4184,6529,9536,131.78141019828003346048245167327
2025-05-14,2032,1322877.0587,7022,10672,132.60782780766644527275662097039
2025-05-15,1819,1140709.6965,6191,10396,125.08518973152683259312843639592
2025-05-16,1773,1129307.3128,6377,9360,131.93278340496151941443323713400
2025-05-17,1638,1169864.4234,5876,8537,142.70294436957439405419821576506
2025-05-18,2264,1687234.7248,8327,12311,146.15839272132968375167528218431
2025-05-19,2146,1388249.6346,7390,12303,127.59425676835061133397338196545
2025-05-20,1988,1402619.2193,7429,10355,141.77529922664358198390542445937
2025-05-21,2169,1525814.8658,7685,14935,134.38469785815295407054523892843
2025-05-22,2132,1421571.9432,7420,11992,131.41112901532275687914366670175
2025-05-23,2386,1613218.8592,8442,13170,134.50041846775549748575234041660
2025-05-24,2044,1543664.0714,7514,11386,149.69006060232175887606517222171
2025-05-25,2846,2178221.7162,10406,15132,154.25194814309701040452201461668
2025-05-26,2440,1675220.3008,8873,17398,140.28708896067588483399678447106
2025-05-27,1973,1347843.9473,7109,11908,138.59455282284785291550911772105
2025-05-28,1936,1269886.6406,6658,10029,134.82686463796473060553786617649
2025-05-29,2221,1711093.3494,7969,12604,150.97586969630714332811734498023
2025-05-30,1795,1285816.9724,6404,9476,140.72111031658538640146819725695
2025-05-31,1653,1169482.7102,5869,9825,139.92948550943899660882182578948
2025-06-01,2582,1899382.3344,9148,13968,144.42122167965763914723228985348
2025-06-02,2228,1501061.4920,7931,11800,138.10826610131111577701092926949
2025-06-03,1817,1333068.0028,6553,10482,146.28447083591383357913484314892
2025-06-04,1970,1399406.2734,7317,10558,145.53392861561320147489680125953
2025-06-05,1801,1192515.7904,6311,9443,135.60700005378227692172676139190
2025-06-06,1849,1245117.3590,6426,10031,134.11818029457710550305034679419
2025-06-07,1823,1309141.4029,6430,9847,138.75688655897945163986028492385
2025-06-08,2460,1792697.2536,8713,12369,145.88654595532703872851051919002
2025-06-09,2564,1897402.5438,9557,13345,148.70302655031334657788226153959
2025-06-10,2135,1433373.2002,7346,12596,134.74412916352817783862940324911
2025-06-11,1815,1314098.9128,6251,16218,134.15313110484061159613523625466
2025-06-12,1566,1070568.4198,5317,8146,135.19567045716366721234045822794
2025-06-13,1746,1195521.1136,6021,11187,131.48648611972116553597734722096
2025-06-14,1471,1044147.3612,5123,9077,141.05120458709023896578600584277
2025-06-15,2398,1835445.1658,8969,12995,154.38409598337401405060040713703
2025-06-16,2141,1424417.1496,7228,11858,133.48641764075116397881854305162
2025-06-17,1982,1376223.4514,7054,11204,142.34717219633676956026676503159
2025-06-18,1968,1400322.7952,6791,10784,140.04829373431257209973034632885
2025-06-19,1781,1173338.6484,5924,9194,133.05027067376742706154027775570
2025-06-20,1575,1080257.9644,5413,8325,134.18108761303573908623478538130
2025-06-21,1515,1092764.9957,5147,7874,139.30843456667349589309661904917
2025-06-22,2255,1749916.2824,7996,12435,148.43014005184537254316860463520
2025-06-23,2318,1560682.2466,7866,13458,131.00973761708323315088569194687
2025-06-24,2031,1572588.0851,7273,11851,142.23774650522927730205328151488
2025-06-25,1875,1332649.2376,6569,9932,140.06954602374959917800161615819
2025-06-26,1888,1387916.7577,6542,12913,138.64278538514560195224222482801
2025-06-27,2034,1351336.6710,7438,12081,137.26369480913480320328278901703
2025-06-28,1747,1334843.9956,6537,9408,153.11096680311156972736564026401
2025-06-29,2277,1762967.1666,8144,13785,147.88723590910506588209216164101
2025-06-30,2095,1596350.9920,7792,11726,149.44955210169814184973935272026
2025-07-01,1779,1354934.5252,6560,11968,149.38678451386421243079322093245
2025-07-02,1740,1334272.4604,6436,9343,150.99807448283604801061668335202
2025-07-03,1853,1327820.1748,6792,9666,145.71785824817880711945888191679
2025-07-04,2012,1432879.0125,7187,11043,140.16902903744893172325993455609
2025-07-05,1950,1517084.3255,7233,10453,153.56732351875719741294115437334
2025-07-06,2859,2218835.4116,10494,14827,154.37232544643174624067915076419
2025-07-07,2332,1735594.6243,8349,14405,145.18772958945337820945069908759
2025-07-08,2100,1616408.0312,7655,11722,153.88316207610022385720734158739
2025-07-09,2145,1779710.9586,8397,11515,166.26311603021825805143424601975
2025-07-10,2055,1534125.4185,7568,10970,146.74331034556683167275425673683
2025-07-11,2076,1547674.8224,7712,11192,145.90482839803570796475071863159
2025-07-12,2099,1778169.0711,8123,11216,167.85537800795202484758852706667
2025-07-13,2534,1987928.3585,9414,13555,154.65864840463891593499203487404
2025-07-14,2397,1857776.0264,8934,13660,153.55545893490515855306257948962
2025-07-15,2164,1644921.0055,8061,11708,152.66521919074679230634172740782
2025-07-16,2308,1770490.9476,8726,12492,155.06481868839929346316556597365
2025-07-17,2256,1540926.4244,8308,11867,139.89625054552569637268863592240
2025-07-18,1927,1426236.1983,7137,10732,146.98723969314172862522468423471
2025-07-19,1987,1451283.6652,7395,10626,149.19270195890594855402471757749
2025-07-20,2681,1901972.1791,9773,14059,143.94120851831792937944495073356
2025-07-21,2576,1808052.6458,9459,13354,144.61460239354061576283798506090
2025-07-22,2213,1525876.3584,8123,11439,141.94196057697166208145531755104
2025-07-23,2296,1653977.0956,8473,12270,147.33213816592228846058167721239
2025-07-24,2253,1589900.3536,8425,11710,148.59552072455839843685850685608
2025-07-25,2253,1496700.2222,8125,11226,140.62148003416675483451102891521
2025-07-26,1943,1353782.2940,7077,9837,146.50137240391505203841720661479
2025-07-27,2752,1862966.0930,9764,14101,141.27827688022203915517762795846
2025-07-28,2562,1785332.4040,9309,13493,142.40450214627576290708336695596
2025-07-29,2263,1449677.8638,8174,11620,137.28358987675232414969651676819
2025-07-30,2180,1402288.7360,7739,10923,138.35514806107427997679158255198
2025-07-31,2208,1412087.8654,7789,12096,136.54997792328466676850917083103
2025-08-01,2181,1352155.6701,7526,11709,127.81857208822621726900256351447
2025-08-02,2089,1375955.9032,7690,10533,143.03202752715929135399266923674
2025-08-03,2450,1561391.0128,8789,12436,138.97261294263317033207487179370
2025-08-04,2516,1546544.3854,8704,12947,132.74879103504580589813477445381
2025-08-05,2409,1410552.9068,8487,11753,130.62512698876335775563780406930
2025-08-06,2155,1274519.8618,7598,10721,130.59516265709123581859299462647
2025-08-07,1898,1138679.4505,6630,9295,131.91821922375937507535599767160
2025-08-08,1886,1099130.5586,6602,9715,123.80235748027583673168050900532
2025-08-09,1826,1092487.3317,6347,9828,126.21920885136640797809374829178
2025-08-10,2247,1343994.8549,8056,11419,130.13599098341693515956250540764
2025-08-11,2429,1324576.4233,8075,11973,117.52786509732477129737379172380
2025-08-12,2048,1244897.7436,7232,10867,127.78223300454181231412932740191
2025-08-13,1907,1099451.4308,6648,9757,123.89537279236065424957480261040
2025-08-14,1935,988485.8249,6202,9139,111.42480758447209824028047429409
2025-08-15,1741,951216.4460,6183,8950,121.64717630211118343180712980634
2025-08-16,1753,1008163.0624,6442,8724,129.72313373429830401679088370046
2025-08-17,2671,1444158.8374,9421,12651,120.68139748808481685194013961070
2025-08-18,2358,1339550.7384,8526,11712,125.51570293948212895192680656469
2025-08-19,1925,1102591.8744,7048,9909,125.33380665646984212455816118658
2025-08-20,2242,1285632.8470,8078,11225,123.89461642195957063993027818395
2025-08-21,2125,1125282.5496,7696,10811,119.71194357420940120270613271208
2025-08-22,2208,1218748.3039,7886,11365,119.01714676623028690764431775778
2025-08-23,2158,1224721.3392,7693,10666,127.20698654657895572514411980926
2025-08-24,3017,1636806.5550,10868,15018,120.79391048593339271409000730439
2025-08-25,2802,1427990.3478,9719,13980,113.30108298281543865245519757260
2025-08-26,2498,1401254.1964,9198,12262,127.15575188446988063202342536395
2025-08-27,2566,1413379.7804,9371,13321,124.05601191428674511607874706439
2025-08-28,2404,1295923.7688,8330,12263,118.92587921091230623905466293907
2025-08-29,2313,1286051.8769,8302,11792,123.56861659363506581084109552245
2025-08-30,2209,1240400.0746,8122,10662,128.00920526234106031085589115520
2025-08-31,3383,1959929.7656,12703,16548,130.09910542127143275580237153612
2025-09-01,3170,1746508.4402,11280,15765,124.00424862288430825057843833864
2025-09-02,3101,1547554.4564,10609,14390,112.94259484874131152195631467459
2025-09-03,3138,1725788.3700,11521,15178,124.76496480775300153478156923181
2025-09-04,2637,1396586.4038,9424,12851,119.93831029423918568949149830748
2025-09-05,2513,1355974.6672,9188,12218,122.16842858222815391914093952847
2025-09-06,2122,1179318.7884,7775,10384,123.78299106832787063402036664134
2025-09-07,2817,1648095.1102,10836,13365,135.40975476548503634979250866585
2025-09-08,2933,1613890.3134,10801,13998,125.28347643419579445973587761628
2025-09-09,2542,1505499.1104,9773,12406,133.26005743576651740971633719984
2025-09-10,2559,1456492.3384,9718,12228,131.45429522307146271602234947451
2025-09-11,2220,1214976.3195,8245,10520,126.01170927167310564973427586808
2025-09-12,2221,1252224.7565,8495,10611,130.29478411150274627008604181520
2025-09-13,2159,1295059.2585,8495,10073,139.08128797848793746734512999200
2025-09-14,3071,1875588.3376,12273,14307,142.86132228431863516651594468394
2025-09-15,2820,1668680.1747,10832,14471,132.02072499474948736555381320762
2025-09-16,2373,1330679.7269,9014,11285,127.73721745355427187210345577571
2025-09-17,2557,1504257.0375,10201,11825,139.43775967170528439171311799823
2025-09-18,2235,1247167.1879,8367,10519,129.99836013194978593929987727080
2025-09-19,2142,1169585.0913,7894,10199,126.68060766095790498669661953271
2025-09-20,2037,1207141.8431,7672,9675,135.73368199865242727775012519206
2025-09-21,2949,1780532.0881,11437,13345,141.68976577321878912515167017034
2025-09-22,2707,1519196.1802,10174,13012,132.64963244498556998556998557035
2025-09-23,2580,1456253.2544,9432,12353,128.81101046677086152580169360682
2025-09-24,2631,1465483.1405,9674,12578,127.36867467332359406993301725425
2025-09-25,2398,1335141.7106,8834,11290,127.26481554021459165441444545607
2025-09-26,2412,1353997.7725,9108,11727,131.90542238085505692711271955385
2025-09-27,2134,1220560.0741,8166,9791,132.92814094193144263666125443362
2025-09-28,2932,1747908.2726,11627,13000,144.64827294348859745358200559035
2025-09-29,2728,1603095.6776,10599,12624,140.22261649595582456119571822632
2025-09-30,2377,1356320.8607,9160,11959,134.87615335855075094644128894012
2025-10-01,2457,1442100.7315,9484,11468,137.78307086051166280392641424204
2025-10-02,2118,1232516.4025,8155,9686,138.73121350276632267153594167848
2025-10-03,2202,1197363.2880,8361,9992,128.91689529571728003816494164774
2025-10-04,2029,1229657.3013,8082,9468,144.24414986989119079975224413203
2025-10-05,2986,1887947.2391,12192,13568,149.57876826158038330197039006735
2025-10-06,2654,1516723.2532,10105,12122,136.06043922505750217088426376597
2025-10-07,2350,1293022.2703,8749,11134,129.96321290352468782410844128532
2025-10-08,2388,1357022.2141,9179,10960,135.48083480642839108830801795334
2025-10-09,2031,1098542.1919,7739,8919,132.69772782526233808753444481358
2025-10-10,1965,1094209.0148,7392,8926,130.62112159078672587427591104722
2025-10-11,2024,1161160.6291,7876,9016,134.92347656132203893397923248771
2025-10-12,2787,1658787.5182,11220,12335,142.98982718845140021610609845928
2025-10-13,2383,1359334.0559,9307,10793,137.01904824711504430125703077989
2025-10-14,1985,1136174.6109,7841,9035,138.05090043438089241096042193737
2025-10-15,2167,1196709.7546,8348,9743,131.64572035446396916424952994223
2025-10-16,1927,1086373.4151,7512,8553,136.36988612420556115841018313728
2025-10-17,1823,1008321.3027,7034,8445,129.89229567072492788168493089950
2025-10-18,1679,1049887.9485,6857,7740,146.82808239854656812671060020609
2025-10-19,2425,1502127.4151,9434,10976,143.38901664461965328659509427239
2025-10-20,2278,1259878.5274,8580,10194,134.44633514509879343130363379434
2025-10-21,1915,1097208.3319,7560,8758,135.03398640918873389091276875981
2025-10-22,1902,1203334.0260,7645,9256,145.54624997025620442577459971971
2025-10-23,1900,1089643.8573,7379,9331,132.16635418778295368045659306152
2025-10-24,1925,1059019.1560,7598,9450,130.40512801911276172890401817169
2025-10-25,1806,1128804.7337,7207,8455,143.34862448177622858564390425909
2025-10-26,2482,1606834.3151,10105,11380,152.94623536864257667177375206586
2025-10-27,2094,1242456.4318,8167,9926,137.63190570866856601303931099573
2025-10-28,1685,980756.4449,6592,8030,135.33696881590571344457105951149
2025-10-29,1665,964301.1203,6319,8041,132.30195067830393171709388425560
2025-10-30,1676,905096.3520,6073,8483,122.93843542547911145559409886163
2025-10-31,1720,923616.3726,6452,8334,123.83621739326677994902293967821
2025-11-01,1598,965562.4654,6173,7313,140.40046306065038788861455758176
2025-11-02,2381,1527326.0277,9256,11228,145.61348859585906125975631055534
2025-11-03,2167,1248408.1794,8117,10460,132.58296157952404558739400368448
2025-11-04,1888,1183458.1388,7227,9391,138.41276540981469096493075315754
2025-11-05,1760,1042372.5885,6804,8294,136.08511242252550010678932527285
2025-11-06,1672,939062.4763,6135,8126,129.75564903886122614993473681826
2025-11-07,1651,891613.7014,6097,8403,122.35754661949502643226941456869
2025-11-08,1539,923344.7079,5705,7356,134.06957128590150783362271612970
2025-11-09,2226,1510984.2543,8661,10921,147.80455756603281603281603281527
2025-11-10,2053,1233660.2890,7959,9781,137.02803432301842639912213650559
2025-11-11,1728,1056549.5446,6600,8855,136.41990279732146546017980867275
2025-11-12,1586,961434.5635,6172,7763,138.19650911157556929499187696037
2025-11-13,1611,956295.9916,5997,8088,134.59252267790099686732184905148
2025-11-14,1630,942746.9297,6323,7853,132.88811362912288560949064356835
2025-11-15,1426,915211.9205,5557,6999,145.05016160512347841709966306624
2025-11-16,2133,1491038.9174,8817,10252,157.29182759091150395498221585109
2025-11-17,1781,1095558.4625,7075,8762,139.37039010316751400019896204541
2025-11-18,1520,998229.4046,6419,7664,144.88556485708105254576030685789
2025-11-19,1497,915211.4692,5776,8161,135.96660504663149819702942543022
2025-11-20,1468,914474.4430,5679,7242,137.46204627056663209459935244352
2025-11-21,1423,863364.3927,5369,7148,134.40009359965723091892287485717
2025-11-22,1228,821326.6414,4846,5872,151.88469037649702543319564596113
2025-11-23,1901,1305755.4240,7742,8950,155.88713917459932306875337987274
2025-11-24,1844,1168807.4327,7354,9031,142.47150375707184722947890960267
2025-11-25,1686,1041424.7765,6603,10167,140.59169268938353381049585334866
2025-11-26,1649,1192058.5464,6511,9763,143.19193952815120252138677181948
2025-11-27,1439,967885.6139,5462,7416,147.98361899713764124709561379979
2025-11-28,1498,928262.1028,5543,7468,140.38774655308821793799773130939
2025-11-29,1297,839146.0685,4908,6629,137.54236355741968668502659631005
2025-11-30,1970,1344092.7352,7839,9444,155.37496707343845273056507453645
2025-12-01,1701,1060828.7649,6388,8721,139.61885386164374518044675632833
2025-12-02,1419,924243.9416,5399,6964,145.68281906137649957218890391021
2025-12-03,1515,1000180.2475,5876,7652,146.29392230299106962424781709967
2025-12-04,1373,842103.9216,5074,6939,132.67333252843943302792538043809
2025-12-05,1221,868343.5658,4554,6899,140.74138551959454665141537998368
2025-12-06,1174,853647.9815,4797,5743,158.53320775241771820043847417690
2025-12-07,1816,1285207.8470,7190,8854,154.44148970591481986106060901567
2025-12-08,1917,1581803.9800,7908,10933,152.52315583460579095854705836497
2025-12-09,1536,1149523.2677,6235,8444,150.14101803062583826944365680574
2025-12-10,1557,1030850.4746,5904,8039,144.86077915251235642384603492598
2025-12-11,1490,944484.7844,5754,7478,140.79364429257259799854196103228
2025-12-12,1522,1047579.6157,5773,7874,148.85371846609485292519716190000
2025-12-13,1296,908860.8267,5068,6793,148.06406459645064778880101051566
2025-12-14,1888,1345813.7095,7521,9275,152.97425366421403655446208637633
2025-12-15,1779,1108875.6655,6949,9132,132.49494651873802802121387598097
2025-12-16,1347,939997.8867,5319,6835,149.74709113690265522726255710479
2025-12-17,1356,970117.7540,5266,7446,136.40710528951853724331925122903
2025-12-18,1318,806436.0061,5029,8149,124.50851324816047417138559628925
2025-12-19,1540,1256907.9728,5969,9817,137.84958690445512362963852137958
2025-12-20,1340,896549.3874,5100,6937,142.32093282150217145157529688287
2025-12-21,1666,1159611.0192,6296,8443,146.91470790410612266491777998137
2025-12-22,1726,1178854.2029,6488,9457,140.63484997343585203364000526219
2025-12-23,1506,1034788.1772,5786,7582,145.05570155123849793334353625582
2025-12-24,1269,968165.3720,4729,7670,142.77751369433810808115643369826
2025-12-25,1166,903612.8832,4786,5842,170.63688150978666885803601194832
2025-12-26,1514,1211285.3844,6477,7735,168.40726623916013393180831963269
2025-12-27,1959,1504920.5791,8283,9858,167.10334094038593647239562105026
2025-12-28,2554,1908217.8190,9955,13154,155.23528879284488408331612262136
2025-12-29,2506,1883863.1825,9718,13489,152.46715810105919870960788709627
2025-12-30,2306,1705911.3441,9011,12232,151.28203814455944003388103642389
2025-12-31,2009,1526037.1700,7721,10748,153.04663110810998975845752879985
2026-01-01,2167,1614292.4085,8506,11000,156.40041456345805999180869128952
2026-01-02,2691,2075386.4612,10747,14501,157.78921988486166548275923780619
2026-01-03,2093,1655087.9164,8425,11065,161.86579942394724719062581994859
2026-01-04,2986,2303743.3355,12098,15549,160.24734316786138599370934558568
2026-01-05,2505,2092259.1412,10175,15875,153.72340662272134846370071346919
2026-01-06,2229,1779812.9873,8840,13579,149.37386487520786658286978463987
2026-01-07,2313,1707359.4056,9403,11823,157.55791785674439258842847274159
2026-01-08,2339,1638328.3137,9282,12410,150.07131533771532980894144714543
2026-01-09,2508,1703733.6714,10026,12764,145.86223900909550241318223516890
2026-01-10,2639,1952526.5665,10788,13462,158.47297607211691140615453901744
2026-01-11,3771,2934581.6681,15493,19509,161.81236668053629283494886900462
2026-01-12,3090,2186617.9340,12375,16499,149.51160840514063747070494811688
2026-01-13,2826,1973162.1868,10900,14764,144.04251856744813758388419021937
2026-01-14,2994,2073666.1168,11877,15221,147.83275086644515228416049090094
2026-01-15,2659,1756724.6248,10323,13651,141.03807523449962462987514577333
2026-01-16,3120,1904720.5725,11924,16044,126.58013143294769464553826902766
2026-01-17,3966,2450040.6994,14752,20170,125.28893964244590173930565294368
2026-01-18,5140,3279885.1630,19546,25791,131.85159108436351265477456800195
2026-01-19,4084,2488491.8136,15375,20935,128.12192166878082655370500674227
2026-01-20,4064,2868072.8786,15695,23226,132.63429596055663087573549820673
2026-01-21,3903,2348570.4507,14687,19677,126.69743698547437858546914930734
2026-01-22,3658,2124285.5992,13311,18617,121.78830613695412006746652633874
2026-01-23,3969,2467791.3864,14738,21247,125.37848319499081802229520105172
2026-01-24,4100,2601229.5709,15405,20742,127.73034473977694815057373704993
2026-01-25,6877,4350618.0926,25984,34624,127.31534962486951369773393341088
2026-01-26,2483,1935267.9715,10191,13655,159.76687788987533613187347355488
2026-01-27,2299,1711469.1473,9254,12050,156.15648382523130179179498470559
2026-01-28,2331,1824916.2328,9713,13436,157.45122213620497553019142956853
2026-01-29,2308,1610425.1941,8781,12303,142.02277088662511461166687633135
2026-01-30,2159,1549710.5558,8859,11155,154.06591592796582350899899646448
2026-01-31,2387,1917982.7411,9899,12058,168.87460599720420152157808534464
2026-02-01,3526,2793680.4749,14222,18043,162.64109978478508668672383560768
2026-02-02,2732,1984330.7578,10859,14060,153.07782642874691051594682042996
2026-02-03,2211,1631171.5120,8734,11216,157.12085936121586411298301501462
2026-02-04,2413,1706732.3123,9902,11933,153.38425069395888302865468177110
2026-02-05,2130,1424599.5755,8304,10459,146.86203007626416735560905535325
2026-02-06,2002,1375106.1227,7830,10291,146.91943083599527777552398251751
2026-02-07,2146,1673648.2954,8503,11101,157.67776529534347596275777169902
2026-02-08,3235,2528157.3598,12909,16391,160.46958168387655261525473727648
2026-02-09,2652,1862293.7269,10232,14022,147.15509349432233525363213257266
2026-02-10,2214,1553566.7016,8540,11199,148.61854183648471853477924030873
2026-02-11,2254,1626778.9366,8867,11372,152.80620024027512840187204634824
2026-02-12,2063,1422719.6112,7984,10225,147.18025193646911806304595678322
2026-02-13,1973,1364328.0036,7628,9859,146.80572813014431877597358184686
2026-02-14,2040,1545964.7120,7731,10590,150.60331008947527246571002004246
2026-02-15,2947,2500752.9970,11455,15737,161.47091765889072730461430257240
2026-02-16,2234,1516111.2422,8490,11009,145.11968974177443600856530384739
2026-02-17,2036,1379627.3860,7705,10405,145.56906741777190839823029691657
2026-02-18,2144,1432510.6245,8038,11084,138.81940231281024439482069829729
2026-02-19,1959,1266552.9893,7509,9467,138.99449674432755107184261879661
2026-02-20,2031,1321992.2011,7732,10238,137.77565325408270975095406017244
2026-02-21,2024,1484085.4898,7755,10093,153.01175053698577333031114543745
2026-02-22,3276,2539466.7348,12627,17032,155.49749591525151836857015708678
2026-02-23,2661,1811191.5073,9873,13767,141.86855343302954415382340033706
2026-02-24,2301,1584061.7891,8667,11643,146.43830249986149243142250135245
2026-02-25,2306,1543919.1689,8588,11383,146.05789357332713630110637694125
2026-02-26,2159,1442132.5329,7903,10895,139.16203520229432764512278076389
2026-02-27,1610,1147326.1309,6284,8022,154.49068610262660432101018082240
2026-02-28,2795,2072754.5533,10570,14146,152.18377838978735389884417665321
2026-03-01,3049,2268602.5952,11578,15482,155.83920657713868802833314257669
2026-03-02,2476,1674473.9894,9137,12926,142.13316581607029637396097467335
2026-03-03,2151,1542084.7354,7792,11072,147.82676672488631568276095299016
2026-03-04,2323,1617142.2503,8406,11619,146.41807431946136276939436463722
2026-03-05,2350,1720953.5602,8501,11764,158.97384325866398105255333970528
2026-03-06,2236,1649829.4153,8297,11386,155.61403678065223098658845924374
2026-03-07,2198,1660263.3630,8495,11141,156.38384758256544137822185816112
2026-03-08,3184,2399244.7309,12050,16374,154.34128393706423553849445100942
2026-03-09,2697,1860291.0536,9926,13901,142.42433935464710677192232727000
2026-03-10,2294,1623941.2331,8575,11780,147.96892308205410908669737343336
2026-03-11,2507,1740252.4368,9210,12786,145.28161923196942690511822344594
2026-03-12,2350,1621848.9536,8717,12578,138.63869901542784448295072698570
2026-03-13,2433,1738877.6969,9095,13141,142.99318732594315995493367176880
2026-03-14,2452,1840766.0408,9265,12903,151.52983404786301140254438083154
2026-03-15,3399,2645454.6693,12983,18293,154.89719763151917259279771427576
2026-03-16,2752,1907328.5469,10059,14125,143.68248891701881246046614722948
2026-03-17,2322,1604236.2608,8692,11916,144.78058759411778794488550834688
2026-03-18,2223,1556720.5110,8217,11538,143.69504190449791682416911895023
2026-03-19,2082,1488156.6604,7961,10681,146.02475927934299848934921464642
2026-03-20,2284,1628818.2403,8249,11919,146.65232195864472980821202278773
2026-03-21,2064,1512495.6012,7748,10747,148.91291752247577918623035698961
2026-03-22,3055,2277851.0621,11569,15876,151.56336369892067429013241821176
2026-03-23,2786,1955716.2614,10653,14247,149.84274323301199499177828755727
2026-03-24,2314,1649808.1865,8882,11720,152.83105862903311166451136935857
2026-03-25,2551,1822567.6681,9675,12898,150.33602738581976426797072487147
2026-03-26,2164,1484346.2206,7929,11151,144.02507595603574092700680454854
2026-03-27,2119,1433997.8133,8169,10417,148.56942416080837133468712416036
2026-03-28,2218,1627434.0388,8389,11603,150.07244181396250985044478040393
2026-03-29,3124,2324471.7996,11870,16821,151.00298063317309658387994308796
2026-03-30,2550,1804506.5962,9520,13596,145.31098300324055379111348960071
2026-03-31,2361,1582637.0241,8565,12708,143.02875532551435866430141292602
2026-04-01,2351,1648364.6299,8818,11859,147.77770209088746828618896849143
2026-04-02,1917,1323878.8682,7017,9933,143.37678417951080683885404519744
2026-04-03,1718,1220752.1616,6205,8888,145.44654115828191654242778263584
2026-04-04,1879,1399266.4989,7013,9986,149.85364457521592633280435508961
2026-04-05,2386,1832023.8579,9413,12185,156.76691781287800219226386664375
2026-04-06,2777,2156345.2255,10796,14690,155.82902641353654345113839531149
2026-04-07,2333,1594058.2519,8578,12303,139.40688656208865529931243095751
2026-04-08,2266,1655301.0122,8496,12198,148.07818938171662444107050677011
2026-04-09,2012,1390666.4026,7309,10315,145.39801731383617567286296302089
2026-04-10,2134,1544302.7334,7919,11526,144.75358181585677159452867573708
2026-04-11,2108,1485316.3558,7858,10987,143.16560333951433987831221641480
2026-04-12,3044,2317022.7046,11680,16147,152.29172184653245003311856356750
2026-04-13,2593,1819126.3748,9727,13565,142.24732052928881944129664596835
